drug,bct_id,concentration.um.,frequency[Hz],duration,force_peak_amplitude,force_width_0.5 s,force_width_0.2 s,force_width_0.8 s,force_rise_time_0.2_0.8 s,force_rise_time_0.8_max s,force_decay_time_max_0.8 s,force_decay_time_0.2_0.8 s,calc_peak_amplitude,calc_width_0.5 s,calc_width_0.2 s,calc_width_0.8 s,calc_rise_time_0.2_0.8 s,calc_rise_time_0.8_max s,calc_decay_time_max_0.8 s,calc_decay_time_0.2_0.8 s,local_frequency[Hz]
nifedipine,1.28b_B02,0.0,0.45,0.436,3.364,0.24,0.35,0.14,0.1,0.07,0.06,0.11,0.903,0.48,0.79,0.23,0.11,0.09,0.14,0.45,0.4667074420064943
nifedipine,1.28b_B02,0.0,0.45,0.609,3.407,0.24,0.35,0.14,0.1,0.07,0.07,0.11,0.881,0.49,0.82,0.25,0.11,0.09,0.16,0.45,0.47781143624496425
nifedipine,1.28b_B02,0.0,0.45,0.417,3.372,0.24,0.35,0.14,0.1,0.07,0.07,0.11,0.912,0.47,0.82,0.22,0.11,0.1,0.12,0.49,0.46476308144816697
nifedipine,1.28b_B02,0.0,0.45,0.432,3.434,0.24,0.35,0.14,0.1,0.07,0.07,0.11,0.904,0.46,0.78,0.23,0.11,0.09,0.14,0.43,0.4573754898635253
nifedipine,1.28b_B02,0.0,0.45,0.515,3.38,0.24,0.35,0.14,0.1,0.07,0.07,0.11,0.902,0.45,0.76,0.23,0.11,0.09,0.13,0.42,0.456206286574236
nifedipine,1.28b_B02,0.0,0.45,0.425,3.436,0.24,0.35,0.14,0.1,0.07,0.07,0.11,0.889,0.45,0.78,0.25,0.11,0.08,0.17,0.43,0.4711554858511932
nifedipine,1.28b_B02,0.0,0.45,0.413,3.357,0.24,0.35,0.14,0.1,0.07,0.07,0.11,0.876,0.48,0.83,0.26,0.1,0.1,0.16,0.47,0.4507693024181008
nifedipine,1.28b_B02,0.0,0.45,0.432,3.462,0.24,0.35,0.14,0.1,0.07,0.07,0.11,0.882,0.47,0.78,0.25,0.1,0.1,0.14,0.44,0.4850995268105028
nifedipine,1.28b_B02,0.0,0.45,0.417,3.312,0.24,0.35,0.14,0.1,0.07,0.07,0.11,0.859,0.48,0.75,0.25,0.11,0.11,0.14,0.4,0.4790675848993234
nifedipine,1.28b_B02,0.0,0.45,0.442,3.473,0.24,0.35,0.14,0.1,0.07,0.07,0.11,0.858,0.49,0.81,0.27,0.11,0.1,0.17,0.43,0.3914429862300141
nifedipine,1.28b_B02,0.0,0.45,0.396,3.406,0.24,0.35,0.14,0.1,0.07,0.07,0.11,0.825,0.49,0.81,0.26,0.11,0.09,0.18,0.44,0.4306134968188163
nifedipine,1.28b_B02,0.0,0.45,0.409,3.381,0.24,0.35,0.14,0.1,0.07,0.07,0.11,0.832,0.48,0.79,0.25,0.11,0.1,0.15,0.43,0.40937173019120665
nifedipine,1.28b_B02,0.0,0.45,0.491,3.425,0.24,0.35,0.14,0.1,0.07,0.07,0.11,0.81,0.49,0.82,0.25,0.11,0.1,0.15,0.45,0.4615869770432873
nifedipine,1.28b_B02,0.0,0.45,0.412,3.315,0.24,0.35,0.14,0.1,0.07,0.07,0.11,0.8,0.48,0.81,0.25,0.11,0.12,0.13,0.45,0.45890760280972964
nifedipine,1.28b_B02,0.0,0.45,0.413,3.443,0.24,0.35,0.14,0.1,0.06,0.07,0.11,0.794,0.47,0.79,0.25,0.1,0.08,0.17,0.43,0.3322431452220598
nifedipine,1.28b_B02,0.0,0.45,0.433,3.455,0.24,0.35,0.14,0.1,0.06,0.07,0.11,0.755,0.48,0.79,0.27,0.1,0.09,0.18,0.42,0.3656436401887079
nifedipine,1.28b_B02,0.0,0.45,0.458,3.347,0.24,0.35,0.14,0.1,0.07,0.07,0.11,0.724,0.5,0.84,0.26,0.11,0.09,0.17,0.47,0.45147087796420343
nifedipine,1.28b_B02,0.0,0.45,0.438,3.348,0.24,0.35,0.14,0.1,0.07,0.07,0.11,0.748,0.46,0.79,0.24,0.11,0.11,0.13,0.44,0.4881841605365829
nifedipine,1.28b_B02,0.0,0.45,0.504,3.338,0.24,0.35,0.14,0.1,0.07,0.07,0.11,0.717,0.48,0.8,0.26,0.11,0.08,0.19,0.43,0.47661223885127113
nifedipine,1.28b_B02,0.0,0.45,0.435,3.403,0.24,0.35,0.14,0.1,0.07,0.06,0.11,0.714,0.48,0.8,0.24,0.1,0.11,0.14,0.45,0.47272327751247273
nifedipine,1.28b_B02,0.0,0.45,0.431,3.359,0.24,0.35,0.14,0.1,0.07,0.07,0.11,0.713,0.46,0.79,0.24,0.11,0.09,0.15,0.43,0.45586358450378006
nifedipine,1.28b_B02,0.0,0.45,0.404,3.424,0.24,0.35,0.14,0.1,0.06,0.07,0.11,0.694,0.48,0.8,0.26,0.1,0.1,0.16,0.43,0.48770575086364526
nifedipine,1.28b_B02,0.0,0.45,0.483,3.319,0.24,0.35,0.14,0.1,0.07,0.06,0.11,0.707,0.46,0.78,0.23,0.11,0.08,0.15,0.44,0.45578655953513975
nifedipine,1.28b_B02,0.0,0.45,0.451,3.478,0.24,0.35,0.14,0.1,0.07,0.07,0.11,0.67,0.47,0.79,0.26,0.1,0.09,0.17,0.43,0.4496879747236258
nifedipine,1.28b_B02,0.01,0.34,0.342,3.68,0.23,0.34,0.13,0.1,0.07,0.07,0.1,0.914,0.44,0.72,0.23,0.1,0.09,0.14,0.38,0.3150524591108607
nifedipine,1.28b_B02,0.01,0.34,0.364,3.685,0.23,0.34,0.13,0.1,0.06,0.07,0.11,0.901,0.46,0.79,0.25,0.1,0.08,0.16,0.44,0.2842846252843148
nifedipine,1.28b_B02,0.01,0.34,0.399,3.648,0.23,0.34,0.13,0.1,0.06,0.07,0.11,0.9,0.45,0.79,0.24,0.11,0.09,0.15,0.44,0.42752061420196247
nifedipine,1.28b_B02,0.01,0.34,0.387,3.524,0.23,0.34,0.13,0.1,0.06,0.07,0.11,0.887,0.44,0.75,0.24,0.1,0.09,0.15,0.41,0.5407285908561771
nifedipine,1.28b_B02,0.01,0.34,0.397,3.582,0.23,0.34,0.13,0.1,0.06,0.07,0.11,0.894,0.45,0.81,0.23,0.1,0.1,0.12,0.47,0.40479238062251205
nifedipine,1.28b_B02,0.01,0.34,0.415,3.744,0.23,0.34,0.13,0.1,0.06,0.07,0.11,0.909,0.46,0.78,0.24,0.1,0.1,0.14,0.44,0.27243105636157394
nifedipine,1.28b_B02,0.01,0.34,0.373,3.719,0.23,0.33,0.13,0.1,0.07,0.07,0.1,0.904,0.45,0.77,0.22,0.11,0.09,0.13,0.45,0.31617833812728785
nifedipine,1.28b_B02,0.01,0.34,0.416,3.644,0.23,0.34,0.13,0.1,0.07,0.07,0.1,0.872,0.44,0.74,0.24,0.11,0.08,0.16,0.39,0.3906001244144987
nifedipine,1.28b_B02,0.01,0.34,0.329,3.596,0.23,0.34,0.13,0.1,0.07,0.06,0.11,0.87,0.46,0.82,0.24,0.1,0.09,0.16,0.47,0.3635108536822673
nifedipine,1.28b_B02,0.01,0.34,0.328,3.666,0.23,0.34,0.13,0.1,0.07,0.06,0.11,0.868,0.45,0.78,0.24,0.11,0.12,0.13,0.43,0.3432887960828608
nifedipine,1.28b_B02,0.01,0.34,0.365,3.64,0.23,0.33,0.13,0.1,0.06,0.07,0.1,0.887,0.45,0.78,0.23,0.1,0.09,0.14,0.45,0.3346533964711087
nifedipine,1.28b_B02,0.01,0.34,0.46,3.659,0.23,0.34,0.13,0.1,0.07,0.06,0.11,0.893,0.44,0.76,0.22,0.11,0.1,0.12,0.43,0.29158484438890453
nifedipine,1.28b_B02,0.01,0.34,0.445,3.642,0.23,0.34,0.13,0.1,0.07,0.06,0.11,0.854,0.44,0.75,0.24,0.1,0.1,0.14,0.41,0.26736638075587293
nifedipine,1.28b_B02,0.01,0.34,0.33,3.645,0.23,0.34,0.13,0.1,0.06,0.07,0.11,0.853,0.44,0.79,0.23,0.11,0.1,0.13,0.45,0.25314429160583013
nifedipine,1.28b_B02,0.01,0.34,0.476,3.623,0.23,0.34,0.13,0.1,0.06,0.07,0.11,0.84,0.45,0.76,0.24,0.1,0.09,0.15,0.42,0.31288623528740656
nifedipine,1.28b_B02,0.01,0.34,0.377,3.603,0.23,0.34,0.13,0.1,0.06,0.07,0.1,0.828,0.46,0.77,0.23,0.1,0.09,0.14,0.44,0.3748810325086044
nifedipine,1.28b_B02,0.01,0.34,0.357,3.606,0.23,0.34,0.13,0.1,0.07,0.06,0.1,0.835,0.45,0.77,0.23,0.11,0.09,0.13,0.44,0.41154858262735605
nifedipine,1.28b_B02,0.01,0.34,0.39,3.564,0.23,0.34,0.13,0.1,0.07,0.06,0.11,0.831,0.43,0.74,0.24,0.11,0.11,0.13,0.39,0.4609381790583448
nifedipine,1.28b_B02,0.03,0.3,0.297,3.434,0.21,0.31,0.12,0.09,0.06,0.06,0.1,0.817,0.42,0.76,0.22,0.1,0.08,0.14,0.43,0.29238757486428246
nifedipine,1.28b_B02,0.03,0.3,0.314,3.422,0.21,0.31,0.12,0.09,0.06,0.07,0.1,0.806,0.42,0.7,0.22,0.09,0.11,0.12,0.39,0.29000431103369456
nifedipine,1.28b_B02,0.03,0.3,0.307,3.436,0.21,0.31,0.12,0.09,0.06,0.06,0.1,0.803,0.41,0.7,0.22,0.09,0.08,0.14,0.39,0.29347560288715424
nifedipine,1.28b_B02,0.03,0.3,0.296,3.424,0.21,0.31,0.12,0.09,0.06,0.06,0.1,0.815,0.42,0.73,0.22,0.1,0.08,0.14,0.41,0.28293564473469174
nifedipine,1.28b_B02,0.03,0.3,0.348,3.442,0.21,0.31,0.12,0.09,0.06,0.06,0.1,0.812,0.42,0.72,0.2,0.1,0.07,0.13,0.41,0.2610904675233169
nifedipine,1.28b_B02,0.03,0.3,0.299,3.434,0.21,0.31,0.12,0.09,0.06,0.06,0.1,0.796,0.43,0.73,0.23,0.1,0.08,0.14,0.41,0.2803465926590858
nifedipine,1.28b_B02,0.03,0.3,0.342,3.418,0.21,0.31,0.12,0.09,0.06,0.07,0.1,0.804,0.42,0.71,0.21,0.1,0.09,0.12,0.4,0.2835554440708462
nifedipine,1.28b_B02,0.03,0.3,0.325,3.43,0.21,0.31,0.12,0.09,0.06,0.06,0.1,0.791,0.41,0.71,0.22,0.1,0.08,0.14,0.39,0.32915958039158305
nifedipine,1.28b_B02,0.03,0.3,0.358,3.378,0.21,0.31,0.12,0.09,0.07,0.06,0.1,0.779,0.42,0.69,0.23,0.1,0.09,0.15,0.37,0.321369888216411
nifedipine,1.28b_B02,0.03,0.3,0.316,3.476,0.21,0.31,0.12,0.09,0.06,0.07,0.1,0.793,0.41,0.71,0.22,0.09,0.07,0.15,0.41,0.2686031827964918
nifedipine,1.28b_B02,0.03,0.3,0.308,3.427,0.21,0.31,0.12,0.09,0.06,0.06,0.1,0.781,0.41,0.73,0.22,0.1,0.08,0.14,0.41,0.32054225059846003
nifedipine,1.28b_B02,0.03,0.3,0.36,3.389,0.21,0.31,0.12,0.09,0.06,0.07,0.1,0.794,0.4,0.72,0.21,0.1,0.08,0.13,0.41,0.31488862516215094
nifedipine,1.28b_B02,0.03,0.3,0.393,3.44,0.21,0.31,0.12,0.09,0.06,0.06,0.1,0.792,0.42,0.72,0.22,0.1,0.08,0.14,0.4,0.2557665313647961
nifedipine,1.28b_B02,0.03,0.3,0.308,3.457,0.21,0.31,0.12,0.09,0.06,0.06,0.1,0.79,0.4,0.74,0.21,0.1,0.08,0.13,0.44,0.26091143050148957
nifedipine,1.28b_B02,0.03,0.3,0.323,3.407,0.21,0.31,0.12,0.09,0.06,0.07,0.1,0.772,0.41,0.69,0.22,0.09,0.09,0.13,0.38,0.27579138019041427
nifedipine,1.28b_B02,0.1,0.3,0.313,3.262,0.21,0.31,0.12,0.09,0.06,0.06,0.1,0.755,0.42,0.69,0.22,0.11,0.08,0.14,0.36,0.2522133019185659
nifedipine,1.28b_B02,0.1,0.3,0.299,3.297,0.21,0.31,0.12,0.09,0.06,0.06,0.1,0.749,0.41,0.71,0.23,0.09,0.09,0.14,0.39,0.25787754274141256
nifedipine,1.28b_B02,0.1,0.3,0.303,3.26,0.21,0.3,0.12,0.09,0.06,0.06,0.1,0.751,0.41,0.68,0.22,0.09,0.11,0.11,0.37,0.32426614613075694
nifedipine,1.28b_B02,0.1,0.3,0.312,3.27,0.21,0.3,0.12,0.09,0.06,0.06,0.1,0.752,0.42,0.7,0.22,0.1,0.1,0.12,0.39,0.3169804253786886
nifedipine,1.28b_B02,0.1,0.3,0.343,3.274,0.21,0.3,0.12,0.09,0.06,0.06,0.1,0.766,0.4,0.69,0.2,0.09,0.09,0.11,0.4,0.31894617579873835
nifedipine,1.28b_B02,0.1,0.3,0.308,3.27,0.21,0.3,0.12,0.09,0.06,0.06,0.09,0.752,0.42,0.75,0.22,0.09,0.07,0.16,0.43,0.3235460839225625
nifedipine,1.28b_B02,0.1,0.3,0.328,3.267,0.21,0.3,0.12,0.09,0.06,0.06,0.09,0.746,0.43,0.72,0.22,0.09,0.09,0.13,0.41,0.32428255081732343
nifedipine,1.28b_B02,0.1,0.3,0.288,3.266,0.21,0.3,0.12,0.09,0.06,0.06,0.09,0.767,0.41,0.72,0.2,0.1,0.07,0.12,0.42,0.32677934436333544
nifedipine,1.28b_B02,0.1,0.3,0.317,3.265,0.21,0.3,0.12,0.09,0.06,0.06,0.09,0.754,0.4,0.7,0.19,0.1,0.07,0.12,0.41,0.2763759200950547
nifedipine,1.28b_B02,0.1,0.3,0.302,3.271,0.21,0.31,0.12,0.09,0.06,0.06,0.1,0.739,0.41,0.74,0.22,0.1,0.1,0.12,0.42,0.27737997354022215
nifedipine,1.28b_B02,0.1,0.3,0.318,3.214,0.21,0.31,0.12,0.09,0.06,0.06,0.1,0.75,0.4,0.69,0.21,0.09,0.08,0.12,0.39,0.30887151913142663
nifedipine,1.28b_B02,0.1,0.3,0.293,3.26,0.21,0.3,0.12,0.09,0.06,0.06,0.09,0.745,0.4,0.67,0.2,0.09,0.08,0.13,0.37,0.3221127024791733
nifedipine,1.28b_B02,0.1,0.3,0.317,3.2,0.21,0.31,0.12,0.09,0.06,0.06,0.1,0.721,0.41,0.68,0.23,0.09,0.09,0.13,0.36,0.35257052404775213
nifedipine,1.28b_B02,0.1,0.3,0.351,3.21,0.21,0.31,0.12,0.09,0.06,0.06,0.1,0.74,0.4,0.69,0.22,0.1,0.08,0.14,0.38,0.2800156904676131
nifedipine,1.28b_B02,0.1,0.3,0.294,3.258,0.21,0.3,0.12,0.09,0.06,0.06,0.1,0.744,0.39,0.7,0.21,0.1,0.09,0.12,0.39,0.24179054816411302
nifedipine,1.28b_B02,0.2,0.36,0.404,3.044,0.2,0.3,0.12,0.09,0.06,0.06,0.09,0.727,0.39,0.71,0.21,0.09,0.09,0.12,0.41,0.3282928491779941
nifedipine,1.28b_B02,0.2,0.36,0.327,3.021,0.2,0.3,0.12,0.09,0.05,0.06,0.09,0.725,0.4,0.64,0.21,0.09,0.09,0.12,0.34,0.355346833617359
nifedipine,1.28b_B02,0.2,0.36,0.392,2.999,0.2,0.29,0.12,0.09,0.05,0.06,0.09,0.715,0.41,0.68,0.22,0.09,0.08,0.14,0.37,0.3897242614594439
nifedipine,1.28b_B02,0.2,0.36,0.326,2.985,0.2,0.29,0.12,0.09,0.05,0.06,0.09,0.707,0.4,0.68,0.22,0.09,0.09,0.14,0.37,0.4267543461124871
nifedipine,1.28b_B02,0.2,0.36,0.337,2.976,0.2,0.29,0.12,0.09,0.06,0.06,0.09,0.697,0.41,0.72,0.23,0.09,0.07,0.16,0.4,0.40386715283766
nifedipine,1.28b_B02,0.2,0.36,0.311,3.024,0.2,0.29,0.12,0.09,0.05,0.06,0.09,0.721,0.39,0.72,0.21,0.1,0.1,0.11,0.41,0.39159006466794327
nifedipine,1.28b_B02,0.2,0.36,0.405,2.988,0.2,0.29,0.12,0.09,0.05,0.06,0.09,0.704,0.41,0.68,0.21,0.09,0.08,0.13,0.38,0.3578404256124843
nifedipine,1.28b_B02,0.2,0.36,0.431,3.061,0.2,0.29,0.12,0.09,0.06,0.06,0.09,0.731,0.41,0.76,0.21,0.1,0.08,0.13,0.45,0.3263219513057851
nifedipine,1.28b_B02,0.2,0.36,0.32,3.014,0.2,0.29,0.12,0.09,0.06,0.06,0.09,0.698,0.42,0.68,0.21,0.1,0.1,0.11,0.37,0.3613370528527413
nifedipine,1.28b_B02,0.2,0.36,0.292,3.009,0.2,0.29,0.12,0.09,0.06,0.06,0.09,0.707,0.39,0.66,0.21,0.09,0.07,0.14,0.35,0.36039641202463496
nifedipine,1.28b_B02,0.2,0.36,0.367,3.01,0.2,0.29,0.12,0.09,0.06,0.06,0.09,0.703,0.38,0.69,0.21,0.09,0.08,0.13,0.39,0.35273018730800043
nifedipine,1.28b_B02,0.2,0.36,0.313,3.017,0.2,0.29,0.12,0.09,0.06,0.06,0.09,0.704,0.4,0.7,0.2,0.09,0.08,0.13,0.4,0.3358871369625731
nifedipine,1.28b_B02,0.2,0.36,0.345,3.023,0.2,0.29,0.12,0.09,0.06,0.06,0.09,0.697,0.39,0.65,0.2,0.09,0.09,0.11,0.36,0.32428561994261634
nifedipine,1.28b_B02,0.2,0.36,0.316,3.018,0.2,0.29,0.12,0.09,0.05,0.06,0.09,0.695,0.39,0.7,0.22,0.09,0.08,0.14,0.39,0.33050327113354044
nifedipine,1.28b_B02,0.2,0.36,0.3,3.004,0.2,0.29,0.12,0.09,0.05,0.06,0.09,0.696,0.4,0.67,0.2,0.09,0.09,0.11,0.37,0.373127853590647
nifedipine,1.28b_B02,0.2,0.36,0.432,2.97,0.2,0.29,0.12,0.09,0.06,0.06,0.09,0.665,0.39,0.68,0.22,0.09,0.08,0.14,0.37,0.36225105770336863
nifedipine,1.28b_B02,0.2,0.36,0.32,3.025,0.2,0.29,0.12,0.09,0.06,0.06,0.09,0.678,0.4,0.67,0.21,0.09,0.09,0.12,0.37,0.35768873311100136
nifedipine,1.28b_B02,0.2,0.36,0.395,2.978,0.2,0.29,0.12,0.09,0.06,0.06,0.09,0.673,0.38,0.67,0.2,0.09,0.08,0.12,0.38,0.35428787288420405
nifedipine,1.28b_B02,0.2,0.36,0.357,3.024,0.2,0.29,0.12,0.09,0.06,0.06,0.09,0.675,0.39,0.67,0.2,0.09,0.08,0.12,0.37,0.3121328569540367
nifedipine,1.28b_B02,0.3,0.32,0.324,2.641,0.19,0.28,0.11,0.08,0.06,0.06,0.09,0.638,0.39,0.68,0.21,0.09,0.07,0.14,0.38,0.5338263160138446
nifedipine,1.28b_B02,0.3,0.32,0.314,2.317,0.19,0.28,0.11,0.08,0.06,0.05,0.09,0.62,0.36,0.66,0.2,0.09,0.07,0.13,0.36,0.5531940617153436
nifedipine,1.28b_B02,0.3,0.32,0.402,2.654,0.19,0.28,0.11,0.08,0.06,0.05,0.09,0.639,0.39,0.67,0.22,0.09,0.09,0.13,0.36,0.3060405795201643
nifedipine,1.28b_B02,0.3,0.32,0.406,2.644,0.19,0.28,0.11,0.08,0.05,0.06,0.09,0.631,0.4,0.69,0.21,0.08,0.07,0.14,0.39,0.3717354308971897
nifedipine,1.28b_B02,0.3,0.32,0.303,2.54,0.19,0.28,0.11,0.08,0.05,0.06,0.09,0.629,0.4,0.64,0.19,0.09,0.08,0.11,0.36,0.43662212768350095
nifedipine,1.28b_B02,0.3,0.32,0.438,2.55,0.19,0.28,0.11,0.08,0.05,0.06,0.09,0.619,0.39,0.65,0.2,0.08,0.09,0.11,0.37,0.35355958924335795
nifedipine,1.28b_B02,0.3,0.32,0.314,2.671,0.19,0.28,0.11,0.08,0.06,0.05,0.09,0.64,0.41,0.7,0.2,0.1,0.07,0.13,0.4,0.21819122272129024
nifedipine,1.28b_B02,0.3,0.32,0.417,2.697,0.19,0.28,0.11,0.08,0.05,0.06,0.09,0.631,0.39,0.68,0.2,0.09,0.08,0.13,0.39,0.20505766981940834
nifedipine,1.28b_B02,0.3,0.32,0.3,2.645,0.19,0.28,0.11,0.08,0.06,0.06,0.09,0.615,0.39,0.7,0.19,0.09,0.09,0.1,0.42,0.29737640170717383
nifedipine,1.28b_B02,0.3,0.32,0.33,2.586,0.19,0.28,0.11,0.08,0.05,0.06,0.09,0.603,0.39,0.61,0.2,0.09,0.08,0.12,0.33,0.3376615902034546
nifedipine,1.28b_B02,0.3,0.32,0.309,2.59,0.19,0.28,0.11,0.08,0.05,0.06,0.09,0.586,0.39,0.65,0.21,0.08,0.08,0.12,0.36,0.36208280570255985
nifedipine,1.28b_B02,0.3,0.32,0.322,2.557,0.19,0.28,0.11,0.08,0.06,0.05,0.09,0.606,0.36,0.64,0.19,0.09,0.08,0.11,0.36,0.3778819153762618
nifedipine,1.28b_B02,0.3,0.32,0.425,2.58,0.19,0.28,0.11,0.08,0.05,0.06,0.09,0.603,0.39,0.65,0.19,0.09,0.08,0.11,0.38,0.35228221463373655
nifedipine,1.28b_B02,0.3,0.32,0.288,2.602,0.19,0.28,0.11,0.08,0.06,0.05,0.09,0.591,0.4,0.68,0.21,0.09,0.08,0.13,0.38,0.59968979489128
nifedipine,1.28b_B02,0.3,0.32,0.431,2.291,0.19,0.28,0.11,0.08,0.06,0.05,0.09,0.58,0.35,0.58,0.18,0.09,0.08,0.1,0.32,0.6010761865544757
nifedipine,1.28b_B02,0.3,0.32,0.302,2.642,0.19,0.28,0.11,0.08,0.05,0.06,0.09,0.595,0.39,0.69,0.22,0.09,0.08,0.14,0.39,0.3183650189817467
nifedipine,1.28b_B02,0.5,0.37,0.284,2.313,0.19,0.28,0.11,0.08,0.05,0.06,0.09,0.545,0.37,0.65,0.22,0.08,0.08,0.13,0.35,0.3931745911210326
nifedipine,1.28b_B02,0.5,0.37,0.394,2.32,0.19,0.28,0.11,0.08,0.06,0.05,0.09,0.566,0.38,0.63,0.19,0.08,0.08,0.11,0.35,0.42221090850817683
nifedipine,1.28b_B02,0.5,0.37,0.333,2.248,0.19,0.28,0.11,0.08,0.05,0.06,0.09,0.558,0.39,0.65,0.2,0.08,0.06,0.14,0.37,0.4251156069780128
nifedipine,1.28b_B02,0.5,0.37,0.405,2.318,0.19,0.28,0.11,0.08,0.05,0.06,0.09,0.573,0.37,0.67,0.21,0.08,0.08,0.13,0.39,0.40384745815768613
nifedipine,1.28b_B02,0.5,0.37,0.293,2.307,0.19,0.28,0.11,0.08,0.05,0.06,0.09,0.579,0.38,0.69,0.2,0.09,0.08,0.12,0.39,0.4027141237926275
nifedipine,1.28b_B02,0.5,0.37,0.256,2.33,0.19,0.28,0.11,0.08,0.05,0.06,0.09,0.565,0.39,0.73,0.2,0.09,0.08,0.13,0.44,0.3900232530973709
nifedipine,1.28b_B02,0.5,0.37,0.303,2.333,0.19,0.28,0.11,0.08,0.05,0.06,0.09,0.563,0.41,0.66,0.2,0.09,0.08,0.12,0.37,0.42236429101581335
nifedipine,1.28b_B02,0.5,0.37,0.309,2.251,0.19,0.28,0.11,0.08,0.05,0.05,0.09,0.556,0.38,0.63,0.2,0.09,0.08,0.13,0.34,0.3477082970769767
nifedipine,1.28b_B02,0.5,0.37,0.279,2.445,0.19,0.28,0.11,0.08,0.06,0.05,0.09,0.592,0.4,0.7,0.19,0.09,0.06,0.13,0.42,0.21361048953236425
nifedipine,1.28b_B02,0.5,0.37,0.291,2.469,0.19,0.28,0.11,0.08,0.05,0.06,0.09,0.578,0.39,0.66,0.19,0.09,0.07,0.13,0.37,0.28113526562260127
nifedipine,1.28b_B02,0.5,0.37,0.283,2.331,0.19,0.28,0.11,0.08,0.05,0.06,0.09,0.546,0.39,0.69,0.21,0.08,0.11,0.1,0.4,0.37767176302519306
nifedipine,1.28b_B02,0.5,0.37,0.293,2.312,0.19,0.28,0.11,0.08,0.06,0.05,0.09,0.543,0.39,0.7,0.2,0.09,0.08,0.13,0.41,0.38824967483524536
nifedipine,1.28b_B02,0.5,0.37,0.31,2.304,0.19,0.28,0.11,0.08,0.05,0.06,0.09,0.547,0.39,0.67,0.19,0.09,0.07,0.13,0.39,0.390484989294254
nifedipine,1.28b_B02,0.5,0.37,0.314,2.309,0.19,0.28,0.11,0.08,0.06,0.05,0.09,0.546,0.39,0.64,0.18,0.09,0.09,0.09,0.37,0.38567124961761023
nifedipine,1.28b_B02,0.5,0.37,0.419,2.295,0.19,0.28,0.11,0.08,0.06,0.05,0.09,0.547,0.37,0.68,0.2,0.08,0.05,0.15,0.4,0.38927988788375606
nifedipine,1.28b_B02,0.5,0.37,0.301,2.304,0.19,0.28,0.11,0.08,0.05,0.06,0.09,0.555,0.36,0.62,0.18,0.09,0.08,0.1,0.35,0.5040244126604486
nifedipine,1.28b_B02,0.5,0.37,0.309,2.122,0.19,0.28,0.11,0.08,0.06,0.05,0.09,0.512,0.37,0.65,0.19,0.09,0.07,0.12,0.37,0.4029437692118097
nifedipine,1.28b_B02,0.5,0.37,0.264,2.493,0.19,0.28,0.11,0.08,0.06,0.05,0.09,0.573,0.39,0.65,0.18,0.09,0.07,0.1,0.39,0.44220755731011885
nifedipine,1.28b_B02,0.5,0.37,0.312,2.114,0.19,0.28,0.11,0.08,0.06,0.05,0.09,0.513,0.38,0.67,0.21,0.1,0.1,0.11,0.37,0.5373338327595493
nifedipine,1.28b_B02,4.0,0.7,0.22,0.524,0.16,0.24,0.09,0.07,0.05,0.05,0.08,0.17,0.32,0.66,0.17,0.1,0.05,0.11,0.4,0.7144956885288738
nifedipine,1.28b_B02,4.0,0.7,0.241,0.539,0.16,0.24,0.09,0.07,0.05,0.05,0.08,0.164,0.37,0.64,0.16,0.08,0.07,0.09,0.4,0.4642227784431568
nifedipine,1.28b_B02,4.0,0.7,0.234,0.529,0.16,0.25,0.09,0.07,0.05,0.05,0.08,0.153,0.35,0.59,0.2,0.08,0.06,0.14,0.31,0.48274003728420317
nifedipine,1.28b_B02,4.0,0.7,0.218,0.516,0.16,0.24,0.09,0.07,0.04,0.05,0.08,0.16,0.35,0.54,0.15,0.07,0.06,0.09,0.32,0.7184063736796749
nifedipine,1.28b_B02,4.0,0.7,0.211,0.525,0.16,0.25,0.09,0.07,0.04,0.05,0.08,0.14,0.32,0.75,0.2,0.14,0.13,0.07,0.41,0.6496159229568907
nifedipine,1.28b_B02,4.0,0.7,0.226,0.584,0.16,0.25,0.09,0.07,0.05,0.04,0.08,0.169,0.34,0.72,0.19,0.07,0.05,0.14,0.46,0.6441833090991821
nifedipine,1.28b_B02,4.0,0.7,0.229,0.53,0.17,0.25,0.09,0.07,0.05,0.05,0.08,0.131,0.35,0.66,0.22,0.09,0.05,0.17,0.35,0.708905582417936
nifedipine,1.28b_B02,4.0,0.7,0.284,0.514,0.16,0.25,0.09,0.07,0.05,0.04,0.08,0.142,0.41,0.62,0.15,0.06,0.07,0.08,0.41,0.7213717537620613
nifedipine,1.28b_B02,4.0,0.7,0.19,0.51,0.16,0.24,0.09,0.07,0.05,0.05,0.08,0.172,0.32,0.65,0.12,0.08,0.06,0.06,0.45,0.7149982479667598
nifedipine,1.28b_B02,4.0,0.7,0.207,0.517,0.16,0.24,0.09,0.07,0.04,0.05,0.08,0.154,0.35,0.71,0.16,0.07,0.05,0.11,0.49,0.705350890612776
nifedipine,1.28b_B02,4.0,0.7,0.272,0.518,0.16,0.24,0.09,0.07,0.05,0.04,0.08,0.139,0.32,0.59,0.19,0.07,0.05,0.14,0.33,0.5299696653845056
nifedipine,1.28b_B02,4.0,0.7,0.184,0.513,0.16,0.24,0.09,0.07,0.05,0.04,0.08,0.16,0.32,0.8,0.13,0.06,0.08,0.05,0.6,0.5297227431162528
nifedipine,1.28b_B02,4.0,0.7,0.239,0.515,0.16,0.24,0.09,0.07,0.05,0.05,0.08,0.138,0.38,0.58,0.16,0.11,0.08,0.08,0.31,0.7011419580799453
nifedipine,1.28b_B02,4.0,0.7,0.23,0.517,0.16,0.24,0.09,0.07,0.05,0.05,0.08,0.141,0.37,0.99,0.22,0.09,0.09,0.13,0.68,0.7143265183710197
nifedipine,1.28b_B02,4.0,0.7,0.183,0.505,0.16,0.24,0.09,0.07,0.05,0.05,0.08,0.134,0.29,0.68,0.16,0.08,0.04,0.12,0.44,0.7197975138882846
nifedipine,1.28b_B02,4.0,0.7,0.207,0.506,0.16,0.24,0.09,0.07,0.05,0.04,0.08,0.14,0.37,0.63,0.13,0.09,0.05,0.07,0.41,0.7016264148194518
nifedipine,1.28b_B02,4.0,0.7,0.216,0.52,0.16,0.25,0.09,0.07,0.04,0.05,0.08,0.114,0.34,0.66,0.19,0.09,0.11,0.08,0.38,0.7022589638173301
nifedipine,1.28b_B02,4.0,0.7,0.249,0.507,0.16,0.24,0.09,0.07,0.04,0.05,0.08,0.134,0.36,0.76,0.19,0.12,0.07,0.12,0.44,0.6968302051808841
nifedipine,1.28b_B02,4.0,0.7,0.243,0.518,0.16,0.24,0.09,0.07,0.04,0.05,0.08,0.124,0.35,0.66,0.24,0.07,0.04,0.2,0.35,0.64805129123356
nifedipine,1.28b_B02,4.0,0.7,0.193,0.554,0.16,0.24,0.09,0.07,0.05,0.05,0.08,0.131,0.32,0.85,0.17,0.12,0.06,0.11,0.56,0.6328464937092989
nifedipine,1.28b_B02,4.0,0.7,0.27,0.528,0.17,0.25,0.1,0.07,0.05,0.04,0.08,0.139,0.33,0.79,0.12,0.12,0.05,0.07,0.56,0.6575219527926469
nifedipine,1.28b_B02,4.0,0.7,0.229,0.523,0.16,0.24,0.09,0.07,0.04,0.05,0.08,0.131,0.38,0.59,0.18,0.08,0.09,0.09,0.33,0.6570983731742402
nifedipine,1.28b_B02,4.0,0.7,0.255,0.53,0.16,0.24,0.09,0.07,0.05,0.05,0.08,0.129,0.36,0.79,0.15,0.1,0.1,0.06,0.54,0.5049623748080008
nifedipine,1.28b_B02,4.0,0.7,0.215,0.49,0.16,0.24,0.09,0.07,0.05,0.05,0.08,0.119,0.34,0.59,0.14,0.09,0.05,0.09,0.36,0.29654062458559405
nifedipine,1.28b_B02,4.0,0.7,0.307,0.498,0.17,0.25,0.09,0.07,0.05,0.05,0.08,0.101,0.42,0.66,0.18,0.09,0.04,0.14,0.39,0.4740519555435904
nifedipine,1.28b_B02,4.0,0.7,0.322,0.492,0.16,0.24,0.09,0.07,0.05,0.05,0.08,0.091,0.36,0.68,0.21,0.07,0.06,0.15,0.4,0.7162079986006702
nifedipine,1.28b_B02,4.0,0.7,0.235,0.486,0.16,0.24,0.09,0.07,0.04,0.05,0.08,0.111,0.37,0.61,0.18,0.08,0.1,0.08,0.34,0.669015064247037
nifedipine,1.28b_B02,4.0,0.7,0.232,0.534,0.16,0.24,0.09,0.07,0.04,0.05,0.08,0.108,0.39,0.71,0.19,0.07,0.04,0.15,0.44,0.6305903398926657
nifedipine,1.28b_B02,4.0,0.7,0.204,0.519,0.17,0.25,0.1,0.07,0.04,0.05,0.08,0.078,0.32,0.69,0.17,0.08,0.04,0.13,0.45,0.6633307841741172
nifedipine,1.28b_B02,4.0,0.7,0.257,0.497,0.16,0.24,0.09,0.07,0.04,0.05,0.08,0.074,0.36,0.96,0.22,0.09,0.07,0.14,0.65,0.7004717547914808
nifedipine,1.28b_B02,4.0,0.7,0.318,0.484,0.16,0.24,0.09,0.07,0.05,0.05,0.08,0.07,0.3,0.57,0.19,0.07,0.05,0.14,0.31,0.693224260928844
nifedipine,1.28b_B02,4.0,0.7,0.214,0.499,0.16,0.24,0.09,0.07,0.05,0.05,0.08,0.074,0.39,0.52,0.17,0.08,0.05,0.12,0.27,0.6881797786844118
nifedipine,1.30b_B03,0.0,0.31,0.411,2.985,0.23,0.33,0.13,0.1,0.07,0.06,0.1,1.137,0.43,0.75,0.22,0.09,0.08,0.14,0.44,0.3295624849711582
nifedipine,1.30b_B03,0.0,0.31,0.384,2.982,0.23,0.33,0.13,0.1,0.07,0.06,0.1,1.181,0.42,0.72,0.21,0.09,0.08,0.13,0.42,0.3290960291442529
nifedipine,1.30b_B03,0.0,0.31,0.424,2.989,0.23,0.33,0.13,0.1,0.07,0.06,0.1,1.208,0.42,0.74,0.22,0.09,0.09,0.12,0.43,0.308981852492869
nifedipine,1.30b_B03,0.0,0.31,0.383,2.997,0.23,0.33,0.13,0.1,0.07,0.07,0.11,1.25,0.42,0.72,0.21,0.09,0.08,0.13,0.42,0.2858632969561476
nifedipine,1.30b_B03,0.0,0.31,0.378,3.005,0.23,0.33,0.13,0.1,0.07,0.07,0.1,1.272,0.42,0.72,0.22,0.09,0.09,0.13,0.41,0.28793543692728646
nifedipine,1.30b_B03,0.0,0.31,0.387,2.982,0.23,0.33,0.13,0.1,0.07,0.06,0.1,1.263,0.43,0.74,0.23,0.09,0.08,0.15,0.42,0.31154644189243214
nifedipine,1.30b_B03,0.0,0.31,0.355,2.973,0.23,0.33,0.13,0.1,0.07,0.06,0.1,1.289,0.42,0.7,0.23,0.09,0.09,0.14,0.39,0.31815028260600164
nifedipine,1.30b_B03,0.0,0.31,0.368,2.979,0.23,0.33,0.13,0.1,0.06,0.07,0.1,1.311,0.43,0.73,0.23,0.09,0.08,0.14,0.42,0.30554455264508623
nifedipine,1.30b_B03,0.0,0.31,0.36,2.973,0.23,0.33,0.13,0.1,0.07,0.06,0.1,1.337,0.43,0.75,0.22,0.09,0.09,0.13,0.44,0.2990537595636391
nifedipine,1.30b_B03,0.0,0.31,0.464,2.963,0.23,0.33,0.13,0.1,0.07,0.07,0.1,1.351,0.43,0.74,0.22,0.09,0.08,0.14,0.43,0.3054118798600124
nifedipine,1.30b_B03,0.0,0.31,0.425,2.957,0.23,0.33,0.13,0.1,0.07,0.06,0.1,1.344,0.44,0.75,0.23,0.09,0.07,0.16,0.43,0.29908291957813954
nifedipine,1.30b_B03,0.0,0.31,0.42,2.958,0.23,0.33,0.13,0.1,0.06,0.07,0.1,1.35,0.43,0.73,0.23,0.09,0.09,0.14,0.42,0.28348446881108447
nifedipine,1.30b_B03,0.0,0.31,0.424,2.968,0.23,0.33,0.13,0.1,0.07,0.06,0.1,1.366,0.43,0.74,0.24,0.09,0.09,0.14,0.41,0.29321473863878095
nifedipine,1.30b_B03,0.0,0.31,0.366,2.944,0.23,0.33,0.13,0.1,0.06,0.07,0.1,1.38,0.43,0.72,0.23,0.09,0.09,0.14,0.4,0.2918677676993327
nifedipine,1.30b_B03,0.0,0.31,0.488,2.962,0.23,0.33,0.13,0.09,0.06,0.07,0.1,1.415,0.43,0.72,0.22,0.09,0.08,0.14,0.41,0.2893541001557455
nifedipine,1.30b_B03,0.0,0.31,0.354,2.939,0.23,0.33,0.13,0.1,0.07,0.06,0.1,1.434,0.44,0.73,0.23,0.09,0.08,0.15,0.41,0.2985408589956838
nifedipine,1.30b_B03,0.01,0.33,0.336,3.114,0.22,0.32,0.13,0.09,0.06,0.07,0.1,1.461,0.41,0.69,0.22,0.09,0.08,0.14,0.38,0.3016678220493909
nifedipine,1.30b_B03,0.01,0.33,0.382,3.084,0.22,0.32,0.13,0.09,0.07,0.06,0.1,1.434,0.42,0.68,0.23,0.08,0.07,0.16,0.37,0.32282170016946443
nifedipine,1.30b_B03,0.01,0.33,0.403,3.095,0.22,0.32,0.13,0.09,0.06,0.06,0.1,1.438,0.41,0.7,0.21,0.1,0.08,0.13,0.39,0.2513489627602087
nifedipine,1.30b_B03,0.01,0.33,0.376,3.114,0.22,0.32,0.13,0.09,0.06,0.07,0.1,1.382,0.41,0.7,0.23,0.09,0.08,0.15,0.39,0.2414453198586039
nifedipine,1.30b_B03,0.01,0.33,0.389,3.077,0.22,0.32,0.13,0.09,0.06,0.07,0.1,1.334,0.42,0.71,0.22,0.09,0.08,0.14,0.4,0.31712173368555163
nifedipine,1.30b_B03,0.01,0.33,0.406,3.069,0.22,0.32,0.13,0.09,0.06,0.07,0.1,1.321,0.42,0.73,0.22,0.09,0.08,0.14,0.42,0.3472032711747007
nifedipine,1.30b_B03,0.01,0.33,0.388,3.07,0.22,0.32,0.13,0.09,0.07,0.06,0.1,1.289,0.42,0.71,0.22,0.09,0.08,0.13,0.4,0.3461466253637473
nifedipine,1.30b_B03,0.01,0.33,0.355,3.098,0.22,0.32,0.13,0.09,0.06,0.07,0.1,1.29,0.42,0.72,0.24,0.09,0.08,0.15,0.4,0.3270678941754608
nifedipine,1.30b_B03,0.01,0.33,0.432,3.086,0.22,0.32,0.13,0.09,0.06,0.07,0.1,1.262,0.41,0.72,0.22,0.09,0.08,0.14,0.41,0.3115328646676641
nifedipine,1.30b_B03,0.01,0.33,0.348,3.084,0.22,0.32,0.13,0.09,0.06,0.07,0.1,1.261,0.41,0.7,0.21,0.09,0.08,0.13,0.4,0.32093933504021366
nifedipine,1.30b_B03,0.01,0.33,0.362,3.075,0.22,0.32,0.13,0.09,0.06,0.06,0.1,1.214,0.41,0.71,0.22,0.09,0.07,0.15,0.4,0.36109822131145836
nifedipine,1.30b_B03,0.01,0.33,0.38,3.04,0.22,0.32,0.13,0.09,0.07,0.06,0.1,1.192,0.4,0.69,0.21,0.09,0.07,0.14,0.39,0.33732517235904297
nifedipine,1.30b_B03,0.01,0.33,0.395,3.1,0.22,0.32,0.13,0.09,0.06,0.07,0.1,1.161,0.41,0.69,0.23,0.09,0.08,0.15,0.38,0.310765597157905
nifedipine,1.30b_B03,0.01,0.33,0.332,3.071,0.22,0.32,0.13,0.09,0.07,0.06,0.1,1.15,0.41,0.7,0.22,0.08,0.08,0.14,0.4,0.33524731302734473
nifedipine,1.30b_B03,0.01,0.33,0.38,3.069,0.22,0.32,0.13,0.09,0.06,0.06,0.1,1.127,0.41,0.73,0.22,0.1,0.08,0.14,0.41,0.33398135978037397
nifedipine,1.30b_B03,0.01,0.33,0.372,3.069,0.22,0.32,0.13,0.09,0.06,0.07,0.1,1.107,0.4,0.7,0.22,0.09,0.08,0.14,0.39,0.3124073198102572
nifedipine,1.30b_B03,0.03,0.31,0.447,3.095,0.22,0.31,0.13,0.09,0.06,0.06,0.1,1.293,0.4,0.7,0.22,0.08,0.07,0.15,0.4,0.2853820036728096
nifedipine,1.30b_B03,0.03,0.31,0.338,3.088,0.22,0.31,0.13,0.09,0.07,0.06,0.1,1.303,0.4,0.68,0.22,0.08,0.07,0.15,0.37,0.3059947310426441
nifedipine,1.30b_B03,0.03,0.31,0.379,3.071,0.22,0.31,0.13,0.09,0.06,0.06,0.1,1.302,0.41,0.68,0.22,0.08,0.08,0.14,0.38,0.3280580550561755
nifedipine,1.30b_B03,0.03,0.31,0.392,3.077,0.22,0.31,0.13,0.09,0.06,0.06,0.1,1.311,0.41,0.68,0.22,0.08,0.08,0.13,0.38,0.30441328083094865
nifedipine,1.30b_B03,0.03,0.31,0.346,3.088,0.22,0.31,0.12,0.09,0.06,0.07,0.1,1.318,0.41,0.72,0.21,0.08,0.08,0.13,0.43,0.2958257984584714
nifedipine,1.30b_B03,0.03,0.31,0.388,3.071,0.22,0.31,0.13,0.09,0.07,0.06,0.1,1.318,0.4,0.69,0.21,0.08,0.07,0.15,0.4,0.30872169157661805
nifedipine,1.30b_B03,0.03,0.31,0.341,3.075,0.22,0.31,0.13,0.09,0.06,0.06,0.1,1.316,0.4,0.69,0.22,0.08,0.08,0.14,0.39,0.3127729703911839
nifedipine,1.30b_B03,0.03,0.31,0.398,3.067,0.22,0.31,0.13,0.09,0.06,0.06,0.1,1.315,0.4,0.68,0.21,0.08,0.08,0.13,0.39,0.3250477960988456
nifedipine,1.30b_B03,0.03,0.31,0.337,3.05,0.22,0.31,0.13,0.09,0.06,0.07,0.1,1.321,0.4,0.71,0.22,0.08,0.08,0.14,0.4,0.3124005746828904
nifedipine,1.30b_B03,0.03,0.31,0.366,3.074,0.22,0.31,0.12,0.09,0.07,0.06,0.1,1.314,0.4,0.7,0.21,0.09,0.08,0.13,0.4,0.3027155001596083
nifedipine,1.30b_B03,0.03,0.31,0.364,3.058,0.22,0.31,0.13,0.09,0.06,0.06,0.1,1.321,0.41,0.7,0.21,0.09,0.08,0.14,0.4,0.29310118590288076
nifedipine,1.30b_B03,0.03,0.31,0.367,3.072,0.21,0.31,0.12,0.09,0.06,0.06,0.1,1.3,0.41,0.68,0.23,0.09,0.09,0.14,0.37,0.28229761836515
nifedipine,1.30b_B03,0.03,0.31,0.33,3.062,0.21,0.31,0.12,0.09,0.06,0.06,0.1,1.311,0.41,0.69,0.22,0.09,0.09,0.13,0.38,0.2801742383148707
nifedipine,1.30b_B03,0.03,0.31,0.331,3.059,0.21,0.31,0.12,0.09,0.07,0.06,0.1,1.325,0.41,0.69,0.21,0.1,0.07,0.14,0.38,0.2841905990144553
nifedipine,1.30b_B03,0.03,0.31,0.35,3.047,0.21,0.31,0.12,0.09,0.06,0.07,0.1,1.312,0.41,0.7,0.22,0.09,0.07,0.15,0.39,0.29560678901739845
nifedipine,1.30b_B03,0.03,0.31,0.352,3.05,0.21,0.31,0.12,0.09,0.06,0.06,0.1,1.323,0.42,0.68,0.21,0.08,0.08,0.13,0.39,0.3031043362065506
nifedipine,1.30b_B03,0.1,0.26,0.322,2.747,0.2,0.3,0.12,0.09,0.06,0.06,0.09,1.223,0.4,0.68,0.21,0.09,0.07,0.14,0.39,0.5051480051480052
nifedipine,1.30b_B03,0.1,0.26,0.389,2.524,0.2,0.3,0.12,0.09,0.05,0.06,0.09,1.222,0.37,0.62,0.19,0.09,0.07,0.12,0.34,0.49225749862692536
nifedipine,1.30b_B03,0.1,0.26,0.295,2.825,0.2,0.3,0.12,0.09,0.06,0.06,0.09,1.266,0.38,0.66,0.2,0.08,0.06,0.14,0.38,0.2290374271001446
nifedipine,1.30b_B03,0.1,0.26,0.331,2.765,0.2,0.3,0.12,0.09,0.06,0.06,0.09,1.227,0.39,0.68,0.21,0.08,0.07,0.14,0.39,0.22867802934296635
nifedipine,1.30b_B03,0.1,0.26,0.329,2.747,0.2,0.3,0.12,0.09,0.05,0.06,0.09,1.215,0.4,0.65,0.21,0.08,0.07,0.13,0.37,0.22933075985892235
nifedipine,1.30b_B03,0.1,0.26,0.328,2.724,0.2,0.3,0.12,0.09,0.06,0.06,0.09,1.198,0.39,0.67,0.22,0.08,0.07,0.15,0.37,0.2511817558375829
nifedipine,1.30b_B03,0.1,0.26,0.302,2.718,0.2,0.3,0.12,0.09,0.06,0.06,0.09,1.184,0.4,0.7,0.2,0.08,0.07,0.12,0.42,0.274902428904405
nifedipine,1.30b_B03,0.1,0.26,0.372,2.7,0.2,0.3,0.12,0.09,0.05,0.06,0.09,1.158,0.39,0.68,0.21,0.08,0.08,0.13,0.39,0.2900904557652964
nifedipine,1.30b_B03,0.1,0.26,0.331,2.704,0.2,0.3,0.12,0.09,0.05,0.06,0.09,1.165,0.39,0.67,0.21,0.08,0.08,0.14,0.37,0.2613201499311878
nifedipine,1.30b_B03,0.1,0.26,0.312,2.721,0.2,0.3,0.12,0.09,0.06,0.06,0.09,1.175,0.39,0.68,0.2,0.09,0.07,0.13,0.39,0.2342911714421359
nifedipine,1.30b_B03,0.1,0.26,0.369,2.719,0.2,0.3,0.12,0.09,0.06,0.06,0.09,1.155,0.38,0.67,0.21,0.08,0.08,0.13,0.39,0.23681453549933826
nifedipine,1.30b_B03,0.1,0.26,0.327,2.705,0.2,0.3,0.12,0.09,0.06,0.06,0.09,1.162,0.38,0.65,0.19,0.08,0.08,0.11,0.38,0.2468562603965929
nifedipine,1.30b_B03,0.1,0.26,0.329,2.701,0.2,0.3,0.12,0.09,0.06,0.06,0.09,1.159,0.39,0.66,0.21,0.08,0.07,0.13,0.37,0.2538249127348016
nifedipine,1.30b_B03,0.2,0.25,0.316,2.374,0.19,0.29,0.11,0.08,0.06,0.05,0.09,1.116,0.38,0.65,0.21,0.08,0.07,0.14,0.37,0.25176506507009117
nifedipine,1.30b_B03,0.2,0.25,0.325,2.356,0.19,0.29,0.11,0.08,0.05,0.06,0.09,1.107,0.38,0.68,0.2,0.08,0.08,0.12,0.4,0.24126211374076767
nifedipine,1.30b_B03,0.2,0.25,0.312,2.378,0.19,0.29,0.11,0.08,0.06,0.06,0.09,1.126,0.39,0.68,0.2,0.08,0.07,0.13,0.4,0.2287372526893424
nifedipine,1.30b_B03,0.2,0.25,0.31,2.369,0.19,0.29,0.11,0.08,0.06,0.06,0.09,1.104,0.39,0.67,0.2,0.08,0.06,0.13,0.4,0.23533454746861812
nifedipine,1.30b_B03,0.2,0.25,0.324,2.365,0.19,0.29,0.11,0.08,0.05,0.06,0.09,1.098,0.37,0.67,0.2,0.08,0.08,0.13,0.39,0.22046856926388964
nifedipine,1.30b_B03,0.2,0.25,0.305,2.367,0.19,0.29,0.11,0.08,0.06,0.05,0.09,1.066,0.39,0.69,0.21,0.08,0.08,0.13,0.4,0.21600921477660182
nifedipine,1.30b_B03,0.2,0.25,0.337,2.358,0.19,0.29,0.11,0.08,0.05,0.06,0.09,1.084,0.38,0.65,0.2,0.08,0.07,0.13,0.37,0.22873219178905532
nifedipine,1.30b_B03,0.2,0.25,0.336,2.349,0.19,0.29,0.11,0.08,0.06,0.05,0.09,1.086,0.38,0.67,0.19,0.08,0.07,0.11,0.4,0.24926291475276474
nifedipine,1.30b_B03,0.2,0.25,0.29,2.342,0.19,0.28,0.11,0.08,0.06,0.05,0.09,1.067,0.38,0.66,0.2,0.08,0.07,0.13,0.38,0.22950824408471332
nifedipine,1.30b_B03,0.2,0.25,0.315,2.36,0.19,0.29,0.11,0.08,0.05,0.06,0.09,1.086,0.38,0.63,0.19,0.08,0.06,0.13,0.36,0.22197962543631175
nifedipine,1.30b_B03,0.2,0.25,0.314,2.331,0.19,0.29,0.11,0.08,0.06,0.05,0.09,1.056,0.38,0.64,0.2,0.08,0.07,0.12,0.36,0.24261903697850684
nifedipine,1.30b_B03,0.3,0.23,5.51,2.04,0.19,0.28,0.11,0.08,0.05,0.05,0.09,1.032,0.37,0.62,0.2,0.08,0.07,0.13,0.35,0.16019154078216172
nifedipine,1.30b_B03,0.3,0.23,0.277,1.994,0.19,0.28,0.11,0.08,0.05,0.06,0.09,0.975,0.37,0.68,0.2,0.08,0.09,0.11,0.4,0.2212158411050695
nifedipine,1.30b_B03,0.3,0.23,0.312,1.964,0.19,0.28,0.11,0.08,0.06,0.05,0.09,0.973,0.36,0.65,0.19,0.08,0.06,0.13,0.38,0.26996074833258404
nifedipine,1.30b_B03,0.3,0.23,0.322,2.031,0.19,0.28,0.11,0.08,0.06,0.05,0.09,0.96,0.39,0.68,0.2,0.08,0.07,0.14,0.4,0.2119319507324352
nifedipine,1.30b_B03,0.3,0.23,0.282,2.024,0.19,0.28,0.11,0.08,0.05,0.06,0.09,0.959,0.38,0.63,0.18,0.07,0.07,0.12,0.37,0.2413484196471045
nifedipine,1.30b_B03,0.3,0.23,0.295,1.994,0.19,0.28,0.11,0.08,0.06,0.05,0.09,0.92,0.38,0.63,0.2,0.08,0.07,0.13,0.36,0.2738623165452433
nifedipine,1.30b_B03,0.3,0.23,0.287,1.981,0.19,0.28,0.11,0.08,0.05,0.06,0.09,0.912,0.37,0.63,0.2,0.08,0.07,0.13,0.35,0.28607355663258943
nifedipine,1.30b_B03,0.3,0.23,0.265,1.978,0.19,0.28,0.11,0.08,0.05,0.06,0.09,0.922,0.36,0.62,0.19,0.08,0.06,0.13,0.36,0.2903497682258744
nifedipine,1.30b_B03,0.3,0.23,0.3,1.983,0.19,0.28,0.11,0.08,0.05,0.06,0.09,0.913,0.37,0.64,0.19,0.08,0.07,0.12,0.37,0.253220237438315
nifedipine,1.30b_B03,0.3,0.23,0.302,2.014,0.19,0.28,0.11,0.08,0.05,0.06,0.09,0.9,0.38,0.64,0.19,0.08,0.07,0.12,0.37,0.2488672497058259
nifedipine,1.30b_B03,0.5,0.3,0.268,1.72,0.18,0.27,0.11,0.08,0.05,0.06,0.08,0.776,0.36,0.6,0.18,0.08,0.07,0.11,0.34,0.3275192519465462
nifedipine,1.30b_B03,0.5,0.3,0.276,1.777,0.18,0.27,0.11,0.08,0.05,0.06,0.09,0.832,0.36,0.61,0.18,0.08,0.06,0.12,0.35,0.3135309726521444
nifedipine,1.30b_B03,0.5,0.3,0.29,1.731,0.18,0.27,0.11,0.08,0.05,0.05,0.08,0.822,0.35,0.62,0.18,0.08,0.07,0.11,0.36,0.37323921123342535
nifedipine,1.30b_B03,0.5,0.3,0.322,1.713,0.18,0.27,0.1,0.08,0.05,0.05,0.08,0.849,0.35,0.61,0.18,0.08,0.08,0.11,0.35,0.36910654055158304
nifedipine,1.30b_B03,0.5,0.3,0.301,1.739,0.18,0.27,0.1,0.08,0.05,0.05,0.08,0.836,0.37,0.66,0.2,0.09,0.07,0.13,0.38,0.32280560510591305
nifedipine,1.30b_B03,0.5,0.3,0.282,1.785,0.18,0.27,0.1,0.08,0.05,0.05,0.08,0.863,0.38,0.65,0.21,0.08,0.07,0.14,0.37,0.25396294505278555
nifedipine,1.30b_B03,0.5,0.3,0.291,1.828,0.18,0.27,0.11,0.08,0.05,0.06,0.08,0.897,0.37,0.64,0.21,0.08,0.07,0.14,0.36,0.2693169480858065
nifedipine,1.30b_B03,0.5,0.3,0.277,1.764,0.18,0.27,0.1,0.08,0.05,0.05,0.08,0.874,0.37,0.67,0.19,0.08,0.08,0.12,0.4,0.2948074638941009
nifedipine,1.30b_B03,0.5,0.3,0.271,1.777,0.18,0.27,0.11,0.08,0.06,0.05,0.09,0.912,0.38,0.62,0.2,0.07,0.08,0.12,0.35,0.24796516406760732
nifedipine,1.30b_B03,0.5,0.3,0.303,1.792,0.18,0.27,0.11,0.08,0.05,0.05,0.09,0.942,0.37,0.64,0.18,0.07,0.06,0.12,0.39,0.2771493529140781
nifedipine,1.30b_B03,0.5,0.3,0.276,1.74,0.18,0.27,0.11,0.08,0.05,0.06,0.08,0.912,0.37,0.66,0.19,0.08,0.08,0.12,0.38,0.3503275663431685
nifedipine,1.30b_B03,0.5,0.3,0.236,1.706,0.18,0.27,0.1,0.08,0.05,0.05,0.08,0.906,0.37,0.65,0.21,0.07,0.06,0.14,0.37,0.3763643739744531
nifedipine,1.30b_B03,0.5,0.3,0.28,1.705,0.18,0.27,0.1,0.08,0.05,0.06,0.08,0.924,0.36,0.62,0.19,0.08,0.07,0.12,0.36,0.2887757468668683
nifedipine,1.30b_B03,0.5,0.3,0.289,1.81,0.18,0.27,0.11,0.08,0.05,0.05,0.09,1.0,0.35,0.65,0.19,0.08,0.06,0.13,0.37,0.2500965427409668
nifedipine,1.30b_B03,0.5,0.3,0.298,1.749,0.18,0.27,0.11,0.08,0.05,0.06,0.08,0.975,0.36,0.62,0.2,0.07,0.06,0.14,0.35,0.29911034968780054
nifedipine,1.30b_B03,4.0,0.5,0.216,0.245,0.16,0.24,0.09,0.07,0.04,0.05,0.07,0.311,0.31,0.58,0.18,0.07,0.07,0.11,0.33,0.455366230558687
nifedipine,1.30b_B03,4.0,0.5,0.237,0.24,0.15,0.23,0.09,0.07,0.04,0.05,0.08,0.301,0.34,0.52,0.17,0.08,0.08,0.08,0.28,0.30571271406489137
nifedipine,1.30b_B03,4.0,0.5,0.224,0.237,0.16,0.23,0.09,0.07,0.04,0.05,0.07,0.332,0.3,0.72,0.15,0.09,0.06,0.09,0.49,0.31035138655880956
nifedipine,1.30b_B03,4.0,0.5,0.218,0.233,0.16,0.23,0.09,0.07,0.04,0.05,0.08,0.323,0.29,0.55,0.13,0.08,0.06,0.07,0.34,0.4699260832549801
nifedipine,1.30b_B03,4.0,0.5,0.298,0.234,0.16,0.24,0.09,0.07,0.05,0.04,0.08,0.317,0.31,0.58,0.16,0.07,0.04,0.13,0.34,0.46943189100233296
nifedipine,1.30b_B03,4.0,0.5,0.232,0.232,0.16,0.24,0.09,0.07,0.04,0.05,0.08,0.306,0.29,0.6,0.16,0.08,0.06,0.1,0.36,0.5624896219626949
nifedipine,1.30b_B03,4.0,0.5,0.172,0.199,0.16,0.23,0.09,0.07,0.05,0.04,0.08,0.27,0.34,0.62,0.19,0.08,0.1,0.1,0.35,0.5649816276085827
nifedipine,1.30b_B03,4.0,0.5,0.247,0.225,0.16,0.23,0.09,0.07,0.04,0.05,0.07,0.287,0.32,0.57,0.16,0.08,0.05,0.12,0.33,0.47695901803424867
nifedipine,1.30b_B03,4.0,0.5,0.224,0.227,0.16,0.23,0.09,0.07,0.05,0.04,0.07,0.295,0.35,0.61,0.14,0.09,0.07,0.08,0.38,0.4738658201476321
nifedipine,1.30b_B03,4.0,0.5,0.253,0.228,0.16,0.23,0.09,0.07,0.05,0.04,0.08,0.279,0.34,0.72,0.15,0.08,0.05,0.09,0.49,0.4676732422337423
nifedipine,1.30b_B03,4.0,0.5,0.223,0.225,0.15,0.23,0.09,0.07,0.04,0.05,0.08,0.268,0.3,0.69,0.15,0.08,0.07,0.08,0.46,0.526162840390434
nifedipine,1.30b_B03,4.0,0.5,0.255,0.204,0.15,0.23,0.09,0.07,0.05,0.04,0.07,0.26,0.3,0.57,0.16,0.06,0.05,0.11,0.35,0.42636134182576924
nifedipine,1.30b_B03,4.0,0.5,0.23,0.197,0.16,0.23,0.09,0.07,0.05,0.04,0.08,0.234,0.35,0.63,0.16,0.07,0.06,0.1,0.4,0.3649646684887216
nifedipine,1.30b_B03,4.0,0.5,0.237,0.223,0.16,0.23,0.09,0.07,0.04,0.05,0.07,0.265,0.33,0.62,0.14,0.07,0.04,0.1,0.41,0.4673165538250855
nifedipine,1.30b_B03,4.0,0.5,0.19,0.223,0.15,0.23,0.09,0.07,0.04,0.05,0.07,0.257,0.33,0.68,0.15,0.09,0.06,0.09,0.45,0.47534896206156096
nifedipine,1.30b_B03,4.0,0.5,0.197,0.22,0.16,0.23,0.09,0.07,0.04,0.04,0.08,0.23,0.34,0.61,0.18,0.08,0.06,0.12,0.35,0.4654153380005829
nifedipine,1.30b_B03,4.0,0.5,0.232,0.217,0.16,0.24,0.09,0.07,0.04,0.05,0.08,0.229,0.31,0.58,0.17,0.08,0.04,0.13,0.33,0.46371948485332526
nifedipine,1.30b_B03,4.0,0.5,0.338,0.219,0.15,0.23,0.09,0.07,0.04,0.04,0.07,0.251,0.31,0.68,0.15,0.08,0.05,0.1,0.46,0.4680176872140556
nifedipine,1.30b_B03,4.0,0.5,0.191,0.22,0.16,0.23,0.09,0.07,0.05,0.04,0.08,0.226,0.31,0.59,0.15,0.07,0.07,0.08,0.36,0.4662904456277842
nifedipine,1.30b_B03,4.0,0.5,0.233,0.218,0.15,0.23,0.09,0.07,0.04,0.05,0.08,0.208,0.34,0.65,0.16,0.08,0.07,0.09,0.41,0.47020106940758144
nifedipine,1.30b_B03,4.0,0.5,0.209,0.215,0.15,0.23,0.09,0.07,0.04,0.04,0.08,0.22,0.31,0.61,0.16,0.07,0.04,0.12,0.38,0.4717600505643984
nifedipine,1.30b_B03,4.0,0.5,0.215,0.213,0.16,0.24,0.09,0.07,0.04,0.05,0.08,0.196,0.35,0.67,0.19,0.09,0.05,0.13,0.4,0.47209191824101215
nifedipine,1.30b_B03,4.0,0.5,0.213,0.211,0.16,0.23,0.09,0.07,0.05,0.04,0.07,0.199,0.36,0.71,0.18,0.1,0.07,0.11,0.43,0.5181549238628415
nifedipine,1.30b_B03,4.0,0.5,0.228,0.192,0.15,0.23,0.09,0.07,0.05,0.04,0.07,0.175,0.32,0.56,0.19,0.09,0.11,0.08,0.27,0.5278434107512906
