TSNE1,TSNE2,concentration,data_type,bct_id,drug,frequency[Hz]
16.677162,44.54229,0.0,Baseline,1.17b_B02,e4031,0.36
16.831196,43.810604,0.0,Baseline,1.17b_B02,e4031,0.36
16.1181,45.357285,0.0,Baseline,1.17b_B02,e4031,0.36
15.207423,45.63758,0.0,Baseline,1.17b_B02,e4031,0.36
16.348475,44.062836,0.0,Baseline,1.17b_B02,e4031,0.36
16.67754,43.17728,0.0,Baseline,1.17b_B02,e4031,0.36
16.983536,45.093864,0.0,Baseline,1.17b_B02,e4031,0.36
15.834216,45.202713,0.0,Baseline,1.17b_B02,e4031,0.36
14.775222,44.075523,0.0,Baseline,1.17b_B02,e4031,0.36
15.94621,44.547016,0.0,Baseline,1.17b_B02,e4031,0.36
15.663602,44.273464,0.0,Baseline,1.17b_B02,e4031,0.36
15.410447,43.5086,0.0,Baseline,1.17b_B02,e4031,0.36
15.046818,45.309093,0.0,Baseline,1.17b_B02,e4031,0.36
14.354597,44.90498,0.0,Baseline,1.17b_B02,e4031,0.36
15.880719,43.184258,0.0,Baseline,1.17b_B02,e4031,0.36
14.7891865,44.501747,0.0,Baseline,1.17b_B02,e4031,0.36
15.822057,43.753803,0.0,Baseline,1.17b_B02,e4031,0.36
15.242347,44.67191,0.0,Baseline,1.17b_B02,e4031,0.36
15.230427,43.986557,0.0,Baseline,1.17b_B02,e4031,0.36
13.883743,42.7837,0.0,Baseline,1.20b_B01,e4031,0.24
14.480796,41.060818,0.0,Baseline,1.20b_B01,e4031,0.24
12.477652,42.27944,0.0,Baseline,1.20b_B01,e4031,0.24
13.671249,41.809822,0.0,Baseline,1.20b_B01,e4031,0.24
14.07096,40.92228,0.0,Baseline,1.20b_B01,e4031,0.24
12.421255,42.273373,0.0,Baseline,1.20b_B01,e4031,0.24
13.265119,42.332787,0.0,Baseline,1.20b_B01,e4031,0.24
13.258359,40.842796,0.0,Baseline,1.20b_B01,e4031,0.24
13.070141,41.43605,0.0,Baseline,1.20b_B01,e4031,0.24
12.147187,41.7921,0.0,Baseline,1.20b_B01,e4031,0.24
11.964368,41.88537,0.0,Baseline,1.20b_B01,e4031,0.24
12.394599,41.117794,0.0,Baseline,1.20b_B01,e4031,0.24
7.823091,38.327286,4.0,Baseline,1.20b_B01,ca_titration,0.42
7.390494,37.500076,4.0,Baseline,1.20b_B01,ca_titration,0.42
6.884946,37.45082,4.0,Baseline,1.20b_B01,ca_titration,0.42
7.7669764,38.680622,4.0,Baseline,1.20b_B01,ca_titration,0.42
6.894546,38.10947,4.0,Baseline,1.20b_B01,ca_titration,0.42
6.435882,37.426323,4.0,Baseline,1.20b_B01,ca_titration,0.42
5.659812,37.285187,4.0,Baseline,1.20b_B01,ca_titration,0.42
7.076843,38.842934,4.0,Baseline,1.20b_B01,ca_titration,0.42
7.998594,39.528835,4.0,Baseline,1.20b_B01,ca_titration,0.42
7.5084543,39.289505,4.0,Baseline,1.20b_B01,ca_titration,0.42
5.4285297,37.874123,4.0,Baseline,1.20b_B01,ca_titration,0.42
6.4277534,39.125336,4.0,Baseline,1.20b_B01,ca_titration,0.42
6.5315742,39.143787,4.0,Baseline,1.20b_B01,ca_titration,0.42
5.884812,38.03908,4.0,Baseline,1.20b_B01,ca_titration,0.42
7.903136,39.810738,4.0,Baseline,1.20b_B01,ca_titration,0.42
6.708737,39.800003,4.0,Baseline,1.20b_B01,ca_titration,0.42
6.016357,38.5773,4.0,Baseline,1.20b_B01,ca_titration,0.42
5.2183967,38.13923,4.0,Baseline,1.20b_B01,ca_titration,0.42
5.8401093,39.075806,4.0,Baseline,1.20b_B01,ca_titration,0.42
5.9822273,39.913456,4.0,Baseline,1.20b_B01,ca_titration,0.42
4.8736744,38.635498,4.0,Baseline,1.20b_B01,ca_titration,0.42
5.4121847,39.355022,4.0,Baseline,1.20b_B01,ca_titration,0.42
8.74677,17.882992,0.0,Baseline,1.28b_B02,nifedipine,0.45
10.277034,20.167854,0.0,Baseline,1.28b_B02,nifedipine,0.45
12.642868,16.972921,0.0,Baseline,1.28b_B02,nifedipine,0.45
9.104548,17.4345,0.0,Baseline,1.28b_B02,nifedipine,0.45
8.761583,16.876984,0.0,Baseline,1.28b_B02,nifedipine,0.45
8.5921755,20.376059,0.0,Baseline,1.28b_B02,nifedipine,0.45
10.906769,20.73743,0.0,Baseline,1.28b_B02,nifedipine,0.45
10.210592,17.838196,0.0,Baseline,1.28b_B02,nifedipine,0.45
10.0941105,16.563585,0.0,Baseline,1.28b_B02,nifedipine,0.45
9.890233,21.66927,0.0,Baseline,1.28b_B02,nifedipine,0.45
9.763129,21.65831,0.0,Baseline,1.28b_B02,nifedipine,0.45
10.079013,18.730995,0.0,Baseline,1.28b_B02,nifedipine,0.45
10.508777,19.611954,0.0,Baseline,1.28b_B02,nifedipine,0.45
11.254841,16.82599,0.0,Baseline,1.28b_B02,nifedipine,0.45
6.4717846,21.587074,0.0,Baseline,1.28b_B02,nifedipine,0.45
7.228669,21.768429,0.0,Baseline,1.28b_B02,nifedipine,0.45
10.558919,21.283682,0.0,Baseline,1.28b_B02,nifedipine,0.45
10.971573,16.81791,0.0,Baseline,1.28b_B02,nifedipine,0.45
9.190768,21.765997,0.0,Baseline,1.28b_B02,nifedipine,0.45
10.632323,17.421928,0.0,Baseline,1.28b_B02,nifedipine,0.45
9.530287,18.351519,0.0,Baseline,1.28b_B02,nifedipine,0.45
7.626468,21.273201,0.0,Baseline,1.28b_B02,nifedipine,0.45
8.499428,18.053185,0.0,Baseline,1.28b_B02,nifedipine,0.45
9.252849,21.08989,0.0,Baseline,1.28b_B02,nifedipine,0.45
-7.2978787,14.036199,0.0,Baseline,1.30b_B03,nifedipine,0.31
-7.4156733,14.737053,0.0,Baseline,1.30b_B03,nifedipine,0.31
-7.1009583,14.85463,0.0,Baseline,1.30b_B03,nifedipine,0.31
-8.2895565,14.759823,0.0,Baseline,1.30b_B03,nifedipine,0.31
-8.16754,14.567133,0.0,Baseline,1.30b_B03,nifedipine,0.31
-7.202916,13.231398,0.0,Baseline,1.30b_B03,nifedipine,0.31
-6.3949766,13.590502,0.0,Baseline,1.30b_B03,nifedipine,0.31
-10.147774,13.334289,0.0,Baseline,1.30b_B03,nifedipine,0.31
-7.0849304,14.438479,0.0,Baseline,1.30b_B03,nifedipine,0.31
-8.179677,13.9489565,0.0,Baseline,1.30b_B03,nifedipine,0.31
-7.4843206,12.706659,0.0,Baseline,1.30b_B03,nifedipine,0.31
-10.137115,13.318395,0.0,Baseline,1.30b_B03,nifedipine,0.31
-6.6841187,13.349306,0.0,Baseline,1.30b_B03,nifedipine,0.31
-10.208526,13.291533,0.0,Baseline,1.30b_B03,nifedipine,0.31
-23.228043,18.08441,0.0,Baseline,1.30b_B03,nifedipine,0.31
-7.134285,12.9656925,0.0,Baseline,1.30b_B03,nifedipine,0.31
4.669674,27.824083,0.003,e4031,1.17b_B02,e4031,0.23
6.3778496,29.705029,0.003,e4031,1.17b_B02,e4031,0.23
5.170219,27.370733,0.003,e4031,1.17b_B02,e4031,0.23
4.8837185,28.296751,0.003,e4031,1.17b_B02,e4031,0.23
5.440948,28.280806,0.003,e4031,1.17b_B02,e4031,0.23
4.282937,28.38614,0.003,e4031,1.17b_B02,e4031,0.23
2.5894253,27.500786,0.003,e4031,1.17b_B02,e4031,0.23
5.383121,28.538012,0.003,e4031,1.17b_B02,e4031,0.23
4.645552,25.656847,0.003,e4031,1.17b_B02,e4031,0.23
5.5812397,27.962688,0.003,e4031,1.17b_B02,e4031,0.23
4.6502376,26.912897,0.003,e4031,1.17b_B02,e4031,0.23
4.878434,24.533167,0.01,e4031,1.17b_B02,e4031,0.23
4.5141816,24.92359,0.01,e4031,1.17b_B02,e4031,0.23
3.9391377,24.591803,0.01,e4031,1.17b_B02,e4031,0.23
4.5222044,24.934626,0.01,e4031,1.17b_B02,e4031,0.23
3.9300852,24.093998,0.01,e4031,1.17b_B02,e4031,0.23
4.149539,28.02025,0.01,e4031,1.17b_B02,e4031,0.23
3.3422322,22.933012,0.01,e4031,1.17b_B02,e4031,0.23
3.2143023,22.594234,0.01,e4031,1.17b_B02,e4031,0.23
6.309184,24.961946,0.01,e4031,1.17b_B02,e4031,0.23
3.2343738,20.841532,0.01,e4031,1.17b_B02,e4031,0.23
3.2194297,27.54237,0.01,e4031,1.17b_B02,e4031,0.23
7.1116443,25.365984,0.03,e4031,1.17b_B02,e4031,0.2
4.6927767,25.354382,0.03,e4031,1.17b_B02,e4031,0.2
5.678813,24.712368,0.03,e4031,1.17b_B02,e4031,0.2
6.9925838,25.241753,0.03,e4031,1.17b_B02,e4031,0.2
6.195075,27.17866,0.03,e4031,1.17b_B02,e4031,0.2
6.593938,26.314367,0.03,e4031,1.17b_B02,e4031,0.2
6.4666862,25.502697,0.03,e4031,1.17b_B02,e4031,0.2
4.319315,26.706566,0.03,e4031,1.17b_B02,e4031,0.2
6.9865994,23.913935,0.03,e4031,1.17b_B02,e4031,0.2
-3.533917,5.82519,0.003,e4031,1.20b_B01,e4031,0.48
-2.5776083,9.813246,0.003,e4031,1.20b_B01,e4031,0.48
-3.6444268,10.7265835,0.003,e4031,1.20b_B01,e4031,0.48
-4.934276,6.4536858,0.003,e4031,1.20b_B01,e4031,0.48
-4.344789,10.444888,0.003,e4031,1.20b_B01,e4031,0.48
-4.8768215,5.6781063,0.003,e4031,1.20b_B01,e4031,0.48
-4.17386,10.315333,0.003,e4031,1.20b_B01,e4031,0.48
-5.2036076,6.3011713,0.003,e4031,1.20b_B01,e4031,0.48
-3.692187,6.110122,0.003,e4031,1.20b_B01,e4031,0.48
-0.77744657,18.02096,0.003,e4031,1.20b_B01,e4031,0.48
-2.9743495,11.140698,0.003,e4031,1.20b_B01,e4031,0.48
-1.7488497,12.53185,0.003,e4031,1.20b_B01,e4031,0.48
-3.4644294,9.69882,0.003,e4031,1.20b_B01,e4031,0.48
-2.5559702,11.205665,0.003,e4031,1.20b_B01,e4031,0.48
-0.37293229,17.942373,0.003,e4031,1.20b_B01,e4031,0.48
-1.1750183,12.298132,0.003,e4031,1.20b_B01,e4031,0.48
-0.26949432,17.278261,0.003,e4031,1.20b_B01,e4031,0.48
-0.1480809,17.15053,0.003,e4031,1.20b_B01,e4031,0.48
-2.439896,11.762843,0.003,e4031,1.20b_B01,e4031,0.48
-3.3528993,12.148018,0.003,e4031,1.20b_B01,e4031,0.48
0.5662116,17.933758,0.003,e4031,1.20b_B01,e4031,0.48
-3.4363308,12.07979,0.003,e4031,1.20b_B01,e4031,0.48
-4.8759875,4.4479356,0.003,e4031,1.20b_B01,e4031,0.48
-0.27508324,11.5592785,0.003,e4031,1.20b_B01,e4031,0.48
-0.6642767,11.392343,0.003,e4031,1.20b_B01,e4031,0.48
0.039031472,11.914275,0.003,e4031,1.20b_B01,e4031,0.48
-13.555065,7.1197443,0.01,e4031,1.20b_B01,e4031,0.65
-13.758163,6.75868,0.01,e4031,1.20b_B01,e4031,0.65
-13.968981,5.8263574,0.01,e4031,1.20b_B01,e4031,0.65
-13.890359,5.7191105,0.01,e4031,1.20b_B01,e4031,0.65
-13.667928,5.613325,0.01,e4031,1.20b_B01,e4031,0.65
-9.796036,0.45764193,0.01,e4031,1.20b_B01,e4031,0.65
-16.38939,-1.7514939,0.01,e4031,1.20b_B01,e4031,0.65
-13.217656,5.0533023,0.01,e4031,1.20b_B01,e4031,0.65
-15.001461,1.9578904,0.01,e4031,1.20b_B01,e4031,0.65
-15.611136,3.0840547,0.01,e4031,1.20b_B01,e4031,0.65
-14.261246,-1.6622438,0.01,e4031,1.20b_B01,e4031,0.65
-9.639205,0.72146374,0.01,e4031,1.20b_B01,e4031,0.65
-12.591677,5.423312,0.01,e4031,1.20b_B01,e4031,0.65
-15.604793,2.2210083,0.01,e4031,1.20b_B01,e4031,0.65
-12.119385,6.102758,0.01,e4031,1.20b_B01,e4031,0.65
-12.302368,4.7094007,0.01,e4031,1.20b_B01,e4031,0.65
-14.56896,2.827785,0.01,e4031,1.20b_B01,e4031,0.65
-14.103048,2.0331767,0.01,e4031,1.20b_B01,e4031,0.65
-14.778753,2.6798432,0.01,e4031,1.20b_B01,e4031,0.65
-9.047431,1.520207,0.01,e4031,1.20b_B01,e4031,0.65
-14.059614,2.206357,0.01,e4031,1.20b_B01,e4031,0.65
-10.770473,4.0266576,0.01,e4031,1.20b_B01,e4031,0.65
-12.769387,-1.8323171,0.01,e4031,1.20b_B01,e4031,0.65
-17.381418,-2.3577485,0.01,e4031,1.20b_B01,e4031,0.65
-10.021973,5.349819,0.01,e4031,1.20b_B01,e4031,0.65
-13.110685,1.5743098,0.01,e4031,1.20b_B01,e4031,0.65
-10.695856,4.659586,0.01,e4031,1.20b_B01,e4031,0.65
-8.430456,2.1799219,0.01,e4031,1.20b_B01,e4031,0.65
-8.545678,2.1339226,0.01,e4031,1.20b_B01,e4031,0.65
-10.233687,3.3253958,0.01,e4031,1.20b_B01,e4031,0.65
-10.209898,3.8466527,0.01,e4031,1.20b_B01,e4031,0.65
-10.285247,3.5559502,0.01,e4031,1.20b_B01,e4031,0.65
-12.37844,1.8945253,0.01,e4031,1.20b_B01,e4031,0.65
-12.359361,2.0737674,0.01,e4031,1.20b_B01,e4031,0.65
-9.4117565,3.8643847,0.01,e4031,1.20b_B01,e4031,0.65
-16.603325,3.844318,0.03,e4031,1.20b_B01,e4031,0.58
-17.458082,2.789774,0.03,e4031,1.20b_B01,e4031,0.58
-14.949682,-1.588534,0.03,e4031,1.20b_B01,e4031,0.58
-18.190445,2.379327,0.03,e4031,1.20b_B01,e4031,0.58
-16.752317,2.8973143,0.03,e4031,1.20b_B01,e4031,0.58
-16.832006,2.497,0.03,e4031,1.20b_B01,e4031,0.58
-14.771422,-1.6161118,0.03,e4031,1.20b_B01,e4031,0.58
-17.012037,1.992841,0.03,e4031,1.20b_B01,e4031,0.58
-16.92369,2.3272202,0.03,e4031,1.20b_B01,e4031,0.58
-17.799921,1.7320688,0.03,e4031,1.20b_B01,e4031,0.58
-14.246371,0.027126588,0.03,e4031,1.20b_B01,e4031,0.58
-16.065813,-1.9707484,0.03,e4031,1.20b_B01,e4031,0.58
-14.240293,0.7253335,0.03,e4031,1.20b_B01,e4031,0.58
-16.297955,1.6496035,0.03,e4031,1.20b_B01,e4031,0.58
-18.038006,-1.4330673,0.03,e4031,1.20b_B01,e4031,0.58
-13.981471,-1.8924932,0.03,e4031,1.20b_B01,e4031,0.58
-15.349508,0.15797924,0.03,e4031,1.20b_B01,e4031,0.58
-17.317593,0.76959056,0.03,e4031,1.20b_B01,e4031,0.58
-17.105988,0.741557,0.03,e4031,1.20b_B01,e4031,0.58
-13.645205,1.1311257,0.03,e4031,1.20b_B01,e4031,0.58
-15.353954,0.72177833,0.03,e4031,1.20b_B01,e4031,0.58
-17.540594,-1.8896409,0.03,e4031,1.20b_B01,e4031,0.58
-15.462013,0.97830755,0.03,e4031,1.20b_B01,e4031,0.58
-12.963283,-2.931769,0.03,e4031,1.20b_B01,e4031,0.58
-12.985334,0.17654215,0.03,e4031,1.20b_B01,e4031,0.58
-13.631838,-2.4228585,0.03,e4031,1.20b_B01,e4031,0.58
-16.735273,0.35680553,0.03,e4031,1.20b_B01,e4031,0.58
-14.064543,-3.0936751,0.03,e4031,1.20b_B01,e4031,0.58
-14.23752,-3.2888215,0.03,e4031,1.20b_B01,e4031,0.58
-12.462153,-0.08348293,0.03,e4031,1.20b_B01,e4031,0.58
-12.807634,0.37322253,0.03,e4031,1.20b_B01,e4031,0.58
-13.311051,-3.2786992,0.03,e4031,1.20b_B01,e4031,0.58
-2.9266422,13.70668,0.01,nifedipine,1.28b_B02,nifedipine,0.34
4.480541,20.599873,0.01,nifedipine,1.28b_B02,nifedipine,0.34
2.219824,18.973978,0.01,nifedipine,1.28b_B02,nifedipine,0.34
0.92791045,17.58349,0.01,nifedipine,1.28b_B02,nifedipine,0.34
3.8253307,18.761389,0.01,nifedipine,1.28b_B02,nifedipine,0.34
3.225214,19.930395,0.01,nifedipine,1.28b_B02,nifedipine,0.34
4.137626,17.101156,0.01,nifedipine,1.28b_B02,nifedipine,0.34
-3.0973303,13.298223,0.01,nifedipine,1.28b_B02,nifedipine,0.34
7.096485,18.590168,0.01,nifedipine,1.28b_B02,nifedipine,0.34
4.115907,15.096302,0.01,nifedipine,1.28b_B02,nifedipine,0.34
3.0506685,19.080639,0.01,nifedipine,1.28b_B02,nifedipine,0.34
3.7087505,15.928487,0.01,nifedipine,1.28b_B02,nifedipine,0.34
3.4172707,15.561019,0.01,nifedipine,1.28b_B02,nifedipine,0.34
3.6504664,19.37991,0.01,nifedipine,1.28b_B02,nifedipine,0.34
2.6768765,19.822458,0.01,nifedipine,1.28b_B02,nifedipine,0.34
2.8876204,19.006275,0.01,nifedipine,1.28b_B02,nifedipine,0.34
4.4083567,16.53767,0.01,nifedipine,1.28b_B02,nifedipine,0.34
0.620269,12.095609,0.01,nifedipine,1.28b_B02,nifedipine,0.34
-30.392025,13.159981,0.03,nifedipine,1.28b_B02,nifedipine,0.3
-32.393013,9.42845,0.03,nifedipine,1.28b_B02,nifedipine,0.3
-30.39471,11.439176,0.03,nifedipine,1.28b_B02,nifedipine,0.3
-30.387245,12.450361,0.03,nifedipine,1.28b_B02,nifedipine,0.3
-31.903767,13.080041,0.03,nifedipine,1.28b_B02,nifedipine,0.3
-29.927523,12.458392,0.03,nifedipine,1.28b_B02,nifedipine,0.3
-32.005024,10.437005,0.03,nifedipine,1.28b_B02,nifedipine,0.3
-30.376976,11.615583,0.03,nifedipine,1.28b_B02,nifedipine,0.3
-28.831171,10.245795,0.03,nifedipine,1.28b_B02,nifedipine,0.3
-28.957859,12.35705,0.03,nifedipine,1.28b_B02,nifedipine,0.3
-30.5773,12.370686,0.03,nifedipine,1.28b_B02,nifedipine,0.3
-31.78445,12.038023,0.03,nifedipine,1.28b_B02,nifedipine,0.3
-30.00894,11.943419,0.03,nifedipine,1.28b_B02,nifedipine,0.3
-31.301682,13.174342,0.03,nifedipine,1.28b_B02,nifedipine,0.3
-31.55247,10.11383,0.03,nifedipine,1.28b_B02,nifedipine,0.3
-29.738403,10.645648,0.1,nifedipine,1.28b_B02,nifedipine,0.3
-30.555355,10.871428,0.1,nifedipine,1.28b_B02,nifedipine,0.3
-33.51518,9.542502,0.1,nifedipine,1.28b_B02,nifedipine,0.3
-32.819096,10.097648,0.1,nifedipine,1.28b_B02,nifedipine,0.3
-33.825,11.174025,0.1,nifedipine,1.28b_B02,nifedipine,0.3
-29.22321,13.5741205,0.1,nifedipine,1.28b_B02,nifedipine,0.3
-31.516315,11.485829,0.1,nifedipine,1.28b_B02,nifedipine,0.3
-32.863358,13.377822,0.1,nifedipine,1.28b_B02,nifedipine,0.3
-33.275696,13.381348,0.1,nifedipine,1.28b_B02,nifedipine,0.3
-32.343292,10.86793,0.1,nifedipine,1.28b_B02,nifedipine,0.3
-33.247616,11.781819,0.1,nifedipine,1.28b_B02,nifedipine,0.3
-34.67079,12.704,0.1,nifedipine,1.28b_B02,nifedipine,0.3
-30.799557,9.857317,0.1,nifedipine,1.28b_B02,nifedipine,0.3
-30.202726,10.968345,0.1,nifedipine,1.28b_B02,nifedipine,0.3
-33.226032,11.237273,0.1,nifedipine,1.28b_B02,nifedipine,0.3
-34.175564,11.818217,0.2,nifedipine,1.28b_B02,nifedipine,0.36
-37.35071,10.580857,0.2,nifedipine,1.28b_B02,nifedipine,0.36
-37.875027,11.747973,0.2,nifedipine,1.28b_B02,nifedipine,0.36
-37.956146,11.6468315,0.2,nifedipine,1.28b_B02,nifedipine,0.36
-28.905266,13.7244005,0.2,nifedipine,1.28b_B02,nifedipine,0.36
-36.673214,9.65548,0.2,nifedipine,1.28b_B02,nifedipine,0.36
-37.67582,11.538806,0.2,nifedipine,1.28b_B02,nifedipine,0.36
-31.572186,14.104912,0.2,nifedipine,1.28b_B02,nifedipine,0.36
-34.564926,10.012393,0.2,nifedipine,1.28b_B02,nifedipine,0.36
-35.6598,13.341352,0.2,nifedipine,1.28b_B02,nifedipine,0.36
-35.209812,12.481756,0.2,nifedipine,1.28b_B02,nifedipine,0.36
-34.271423,12.636173,0.2,nifedipine,1.28b_B02,nifedipine,0.36
-35.476944,11.012698,0.2,nifedipine,1.28b_B02,nifedipine,0.36
-37.897495,12.003732,0.2,nifedipine,1.28b_B02,nifedipine,0.36
-37.041348,10.251881,0.2,nifedipine,1.28b_B02,nifedipine,0.36
-35.982803,12.82148,0.2,nifedipine,1.28b_B02,nifedipine,0.36
-35.09352,11.16308,0.2,nifedipine,1.28b_B02,nifedipine,0.36
-35.403847,11.971656,0.2,nifedipine,1.28b_B02,nifedipine,0.36
-35.25195,11.881681,0.2,nifedipine,1.28b_B02,nifedipine,0.36
-45.165348,3.4187987,0.3,nifedipine,1.28b_B02,nifedipine,0.32
-44.569046,3.8071196,0.3,nifedipine,1.28b_B02,nifedipine,0.32
-46.040737,5.2692013,0.3,nifedipine,1.28b_B02,nifedipine,0.32
-41.43007,-0.71049774,0.3,nifedipine,1.28b_B02,nifedipine,0.32
-42.39345,1.539481,0.3,nifedipine,1.28b_B02,nifedipine,0.32
-41.465805,1.4588062,0.3,nifedipine,1.28b_B02,nifedipine,0.32
-47.343857,4.6752677,0.3,nifedipine,1.28b_B02,nifedipine,0.32
-41.1929,-1.4262183,0.3,nifedipine,1.28b_B02,nifedipine,0.32
-41.477016,5.1370173,0.3,nifedipine,1.28b_B02,nifedipine,0.32
-43.31997,0.9750982,0.3,nifedipine,1.28b_B02,nifedipine,0.32
-42.676888,0.5375,0.3,nifedipine,1.28b_B02,nifedipine,0.32
-43.54066,4.43941,0.3,nifedipine,1.28b_B02,nifedipine,0.32
-41.635952,1.3885499,0.3,nifedipine,1.28b_B02,nifedipine,0.32
-45.087578,3.8498793,0.3,nifedipine,1.28b_B02,nifedipine,0.32
-42.641884,3.7249286,0.3,nifedipine,1.28b_B02,nifedipine,0.32
-41.172173,-0.6727472,0.3,nifedipine,1.28b_B02,nifedipine,0.32
-43.336212,0.06905246,0.5,nifedipine,1.28b_B02,nifedipine,0.37
-43.41406,4.3688245,0.5,nifedipine,1.28b_B02,nifedipine,0.37
-42.798275,-0.76236206,0.5,nifedipine,1.28b_B02,nifedipine,0.37
-41.708527,-0.03573634,0.5,nifedipine,1.28b_B02,nifedipine,0.37
-41.66811,0.3010259,0.5,nifedipine,1.28b_B02,nifedipine,0.37
-40.345875,-0.13160643,0.5,nifedipine,1.28b_B02,nifedipine,0.37
-42.27419,0.85652393,0.5,nifedipine,1.28b_B02,nifedipine,0.37
-44.002453,0.52870685,0.5,nifedipine,1.28b_B02,nifedipine,0.37
-47.4512,4.6060753,0.5,nifedipine,1.28b_B02,nifedipine,0.37
-42.36491,-1.0257622,0.5,nifedipine,1.28b_B02,nifedipine,0.37
-39.907818,2.1031954,0.5,nifedipine,1.28b_B02,nifedipine,0.37
-45.900093,4.4915366,0.5,nifedipine,1.28b_B02,nifedipine,0.37
-42.253128,-0.4023292,0.5,nifedipine,1.28b_B02,nifedipine,0.37
-42.80428,4.982297,0.5,nifedipine,1.28b_B02,nifedipine,0.37
-47.04439,1.7391903,0.5,nifedipine,1.28b_B02,nifedipine,0.37
-42.51267,2.5331204,0.5,nifedipine,1.28b_B02,nifedipine,0.37
-43.933975,4.2646866,0.5,nifedipine,1.28b_B02,nifedipine,0.37
-43.100533,4.9917207,0.5,nifedipine,1.28b_B02,nifedipine,0.37
-44.52578,4.9910917,0.5,nifedipine,1.28b_B02,nifedipine,0.37
-55.323795,-13.021557,4.0,nifedipine,1.28b_B02,nifedipine,0.7
-57.425503,-14.543079,4.0,nifedipine,1.28b_B02,nifedipine,0.7
-56.717022,-10.168493,4.0,nifedipine,1.28b_B02,nifedipine,0.7
-59.797752,-11.946353,4.0,nifedipine,1.28b_B02,nifedipine,0.7
-61.954,-14.556678,4.0,nifedipine,1.28b_B02,nifedipine,0.7
-53.990726,-12.34928,4.0,nifedipine,1.28b_B02,nifedipine,0.7
-54.60034,-9.901482,4.0,nifedipine,1.28b_B02,nifedipine,0.7
-58.16504,-15.579157,4.0,nifedipine,1.28b_B02,nifedipine,0.7
-56.879597,-15.9387455,4.0,nifedipine,1.28b_B02,nifedipine,0.7
-54.19423,-13.868258,4.0,nifedipine,1.28b_B02,nifedipine,0.7
-56.961685,-10.516043,4.0,nifedipine,1.28b_B02,nifedipine,0.7
-53.55439,-16.537678,4.0,nifedipine,1.28b_B02,nifedipine,0.7
-60.746872,-12.374381,4.0,nifedipine,1.28b_B02,nifedipine,0.7
-51.42673,-15.051679,4.0,nifedipine,1.28b_B02,nifedipine,0.7
-54.997593,-13.077063,4.0,nifedipine,1.28b_B02,nifedipine,0.7
-57.617195,-15.608564,4.0,nifedipine,1.28b_B02,nifedipine,0.7
-61.575565,-13.923801,4.0,nifedipine,1.28b_B02,nifedipine,0.7
-53.586536,-13.392353,4.0,nifedipine,1.28b_B02,nifedipine,0.7
-54.49717,-9.507117,4.0,nifedipine,1.28b_B02,nifedipine,0.7
-52.888145,-15.333169,4.0,nifedipine,1.28b_B02,nifedipine,0.7
-53.490055,-15.926097,4.0,nifedipine,1.28b_B02,nifedipine,0.7
-60.903347,-13.070478,4.0,nifedipine,1.28b_B02,nifedipine,0.7
-53.64061,-16.509224,4.0,nifedipine,1.28b_B02,nifedipine,0.7
-58.155193,-14.087025,4.0,nifedipine,1.28b_B02,nifedipine,0.7
-53.494007,-11.0030775,4.0,nifedipine,1.28b_B02,nifedipine,0.7
-54.36341,-10.617433,4.0,nifedipine,1.28b_B02,nifedipine,0.7
-61.123936,-13.344178,4.0,nifedipine,1.28b_B02,nifedipine,0.7
-53.8617,-11.562694,4.0,nifedipine,1.28b_B02,nifedipine,0.7
-54.427784,-12.898595,4.0,nifedipine,1.28b_B02,nifedipine,0.7
-51.458263,-15.032707,4.0,nifedipine,1.28b_B02,nifedipine,0.7
-57.29454,-10.105092,4.0,nifedipine,1.28b_B02,nifedipine,0.7
-59.835342,-10.753032,4.0,nifedipine,1.28b_B02,nifedipine,0.7
19.570524,3.7038584,20.0,nifedipine,1.28b_B02,nifedipine,0.55
20.256702,4.3842254,20.0,nifedipine,1.28b_B02,nifedipine,0.55
20.725641,3.676558,20.0,nifedipine,1.28b_B02,nifedipine,0.55
24.108168,4.9210835,20.0,nifedipine,1.28b_B02,nifedipine,0.55
21.516447,5.9333477,20.0,nifedipine,1.28b_B02,nifedipine,0.55
10.887056,-1.9826934,20.0,nifedipine,1.28b_B02,nifedipine,0.55
17.852709,4.664946,20.0,nifedipine,1.28b_B02,nifedipine,0.55
22.175009,3.9785948,20.0,nifedipine,1.28b_B02,nifedipine,0.55
20.235468,5.3672385,20.0,nifedipine,1.28b_B02,nifedipine,0.55
23.26084,5.7197328,20.0,nifedipine,1.28b_B02,nifedipine,0.55
23.76848,5.644998,20.0,nifedipine,1.28b_B02,nifedipine,0.55
19.460354,5.2709794,20.0,nifedipine,1.28b_B02,nifedipine,0.55
17.494646,6.0060873,20.0,nifedipine,1.28b_B02,nifedipine,0.55
24.131495,6.0490017,20.0,nifedipine,1.28b_B02,nifedipine,0.55
19.644344,3.6098404,20.0,nifedipine,1.28b_B02,nifedipine,0.55
22.629982,5.6542993,20.0,nifedipine,1.28b_B02,nifedipine,0.55
18.036266,5.190159,20.0,nifedipine,1.28b_B02,nifedipine,0.55
19.671753,3.243118,20.0,nifedipine,1.28b_B02,nifedipine,0.55
23.378592,4.7654176,20.0,nifedipine,1.28b_B02,nifedipine,0.55
22.365635,5.461725,20.0,nifedipine,1.28b_B02,nifedipine,0.55
22.577692,5.230434,20.0,nifedipine,1.28b_B02,nifedipine,0.55
20.80602,4.19111,20.0,nifedipine,1.28b_B02,nifedipine,0.55
17.984795,4.136342,20.0,nifedipine,1.28b_B02,nifedipine,0.55
18.939022,5.073932,20.0,nifedipine,1.28b_B02,nifedipine,0.55
23.320333,5.1674976,20.0,nifedipine,1.28b_B02,nifedipine,0.55
16.16877,4.8356433,20.0,nifedipine,1.28b_B02,nifedipine,0.55
12.547577,15.100126,20.0,nifedipine,1.28b_B02,nifedipine,0.55
21.208065,6.2036967,20.0,nifedipine,1.28b_B02,nifedipine,0.55
19.339476,5.438467,20.0,nifedipine,1.28b_B02,nifedipine,0.55
-24.66157,19.718176,0.01,nifedipine,1.30b_B03,nifedipine,0.33
-25.600302,23.926003,0.01,nifedipine,1.30b_B03,nifedipine,0.33
-26.793085,18.888552,0.01,nifedipine,1.30b_B03,nifedipine,0.33
-23.764456,19.70296,0.01,nifedipine,1.30b_B03,nifedipine,0.33
-24.189302,18.79469,0.01,nifedipine,1.30b_B03,nifedipine,0.33
-23.95739,18.19878,0.01,nifedipine,1.30b_B03,nifedipine,0.33
-26.082838,22.286892,0.01,nifedipine,1.30b_B03,nifedipine,0.33
-23.262629,19.304636,0.01,nifedipine,1.30b_B03,nifedipine,0.33
-24.19947,18.48409,0.01,nifedipine,1.30b_B03,nifedipine,0.33
-25.056244,18.451756,0.01,nifedipine,1.30b_B03,nifedipine,0.33
-25.753984,19.765676,0.01,nifedipine,1.30b_B03,nifedipine,0.33
-25.969513,22.822977,0.01,nifedipine,1.30b_B03,nifedipine,0.33
-23.903551,19.668524,0.01,nifedipine,1.30b_B03,nifedipine,0.33
-25.821888,22.516495,0.01,nifedipine,1.30b_B03,nifedipine,0.33
-25.982632,18.474712,0.01,nifedipine,1.30b_B03,nifedipine,0.33
-24.730148,19.10436,0.01,nifedipine,1.30b_B03,nifedipine,0.33
-25.848726,20.432724,0.03,nifedipine,1.30b_B03,nifedipine,0.31
-25.763271,23.449131,0.03,nifedipine,1.30b_B03,nifedipine,0.31
-26.7299,20.097687,0.03,nifedipine,1.30b_B03,nifedipine,0.31
-27.144154,19.922522,0.03,nifedipine,1.30b_B03,nifedipine,0.31
-24.892588,17.599646,0.03,nifedipine,1.30b_B03,nifedipine,0.31
-25.992659,23.202057,0.03,nifedipine,1.30b_B03,nifedipine,0.31
-26.55366,19.979856,0.03,nifedipine,1.30b_B03,nifedipine,0.31
-27.182562,20.103354,0.03,nifedipine,1.30b_B03,nifedipine,0.31
-24.901827,19.075447,0.03,nifedipine,1.30b_B03,nifedipine,0.31
-26.727747,22.523409,0.03,nifedipine,1.30b_B03,nifedipine,0.31
-26.424147,19.390049,0.03,nifedipine,1.30b_B03,nifedipine,0.31
-27.99566,19.044632,0.03,nifedipine,1.30b_B03,nifedipine,0.31
-28.0093,19.208265,0.03,nifedipine,1.30b_B03,nifedipine,0.31
-26.865017,22.966206,0.03,nifedipine,1.30b_B03,nifedipine,0.31
-24.392775,20.261124,0.03,nifedipine,1.30b_B03,nifedipine,0.31
-28.042665,19.800041,0.03,nifedipine,1.30b_B03,nifedipine,0.31
-30.08664,19.826792,0.1,nifedipine,1.30b_B03,nifedipine,0.26
-35.44413,18.378252,0.1,nifedipine,1.30b_B03,nifedipine,0.26
-32.203712,19.553547,0.1,nifedipine,1.30b_B03,nifedipine,0.26
-31.828041,19.24006,0.1,nifedipine,1.30b_B03,nifedipine,0.26
-34.130234,18.96719,0.1,nifedipine,1.30b_B03,nifedipine,0.26
-31.617283,19.697382,0.1,nifedipine,1.30b_B03,nifedipine,0.26
-31.669052,18.087915,0.1,nifedipine,1.30b_B03,nifedipine,0.26
-34.2536,18.804773,0.1,nifedipine,1.30b_B03,nifedipine,0.26
-34.20061,18.896362,0.1,nifedipine,1.30b_B03,nifedipine,0.26
-32.002506,18.649204,0.1,nifedipine,1.30b_B03,nifedipine,0.26
-32.338768,18.730621,0.1,nifedipine,1.30b_B03,nifedipine,0.26
-32.662178,17.867493,0.1,nifedipine,1.30b_B03,nifedipine,0.26
-32.24535,19.035385,0.1,nifedipine,1.30b_B03,nifedipine,0.26
-49.271965,3.1523619,0.2,nifedipine,1.30b_B03,nifedipine,0.25
-41.367268,-4.0175424,0.2,nifedipine,1.30b_B03,nifedipine,0.25
-49.78066,4.3324966,0.2,nifedipine,1.30b_B03,nifedipine,0.25
-49.862095,4.3482046,0.2,nifedipine,1.30b_B03,nifedipine,0.25
-41.615776,-4.0955725,0.2,nifedipine,1.30b_B03,nifedipine,0.25
-49.11997,3.9685044,0.2,nifedipine,1.30b_B03,nifedipine,0.25
-42.22778,-4.3179884,0.2,nifedipine,1.30b_B03,nifedipine,0.25
-50.201214,3.3662276,0.2,nifedipine,1.30b_B03,nifedipine,0.25
-49.394627,3.150438,0.2,nifedipine,1.30b_B03,nifedipine,0.25
-42.47194,-4.946082,0.2,nifedipine,1.30b_B03,nifedipine,0.25
-49.73779,2.675476,0.2,nifedipine,1.30b_B03,nifedipine,0.25
10.03227,7.541625,0.3,nifedipine,1.30b_B03,nifedipine,0.23
-41.047558,-3.908683,0.3,nifedipine,1.30b_B03,nifedipine,0.23
-48.888203,2.3294396,0.3,nifedipine,1.30b_B03,nifedipine,0.23
-48.82658,3.689221,0.3,nifedipine,1.30b_B03,nifedipine,0.23
-43.09991,-5.1898994,0.3,nifedipine,1.30b_B03,nifedipine,0.23
-49.377003,2.254975,0.3,nifedipine,1.30b_B03,nifedipine,0.23
-43.562683,-4.1110215,0.3,nifedipine,1.30b_B03,nifedipine,0.23
-43.761658,-4.974718,0.3,nifedipine,1.30b_B03,nifedipine,0.23
-43.324024,-4.715133,0.3,nifedipine,1.30b_B03,nifedipine,0.23
-43.14417,-4.582507,0.3,nifedipine,1.30b_B03,nifedipine,0.23
-45.113102,-6.1035647,0.5,nifedipine,1.30b_B03,nifedipine,0.3
-44.353935,-5.694299,0.5,nifedipine,1.30b_B03,nifedipine,0.3
-45.646366,-6.494491,0.5,nifedipine,1.30b_B03,nifedipine,0.3
-45.940456,-6.534304,0.5,nifedipine,1.30b_B03,nifedipine,0.3
-46.79302,-3.5469546,0.5,nifedipine,1.30b_B03,nifedipine,0.3
-46.46704,-2.89052,0.5,nifedipine,1.30b_B03,nifedipine,0.3
-44.517838,-3.2582934,0.5,nifedipine,1.30b_B03,nifedipine,0.3
-46.900314,-4.512037,0.5,nifedipine,1.30b_B03,nifedipine,0.3
-49.751854,1.7650572,0.5,nifedipine,1.30b_B03,nifedipine,0.3
-43.771797,-6.39042,0.5,nifedipine,1.30b_B03,nifedipine,0.3
-44.909508,-4.685704,0.5,nifedipine,1.30b_B03,nifedipine,0.3
-46.45354,-2.8107557,0.5,nifedipine,1.30b_B03,nifedipine,0.3
-44.87901,-5.2504735,0.5,nifedipine,1.30b_B03,nifedipine,0.3
-43.615925,-6.2825246,0.5,nifedipine,1.30b_B03,nifedipine,0.3
-44.200542,-3.7834735,0.5,nifedipine,1.30b_B03,nifedipine,0.3
-47.67945,0.84632725,1.0,nifedipine,1.30b_B03,nifedipine,0.35
-45.875355,-1.6986841,1.0,nifedipine,1.30b_B03,nifedipine,0.35
-46.7833,-1.7665571,1.0,nifedipine,1.30b_B03,nifedipine,0.35
-46.535667,-1.0054506,1.0,nifedipine,1.30b_B03,nifedipine,0.35
-39.495136,1.9419403,1.0,nifedipine,1.30b_B03,nifedipine,0.35
-46.302803,-5.9566627,1.0,nifedipine,1.30b_B03,nifedipine,0.35
-46.997597,-1.9060591,1.0,nifedipine,1.30b_B03,nifedipine,0.35
-47.61336,-4.2675505,1.0,nifedipine,1.30b_B03,nifedipine,0.35
-47.80354,0.62047195,1.0,nifedipine,1.30b_B03,nifedipine,0.35
-48.242012,-5.0629582,1.0,nifedipine,1.30b_B03,nifedipine,0.35
-44.601048,-1.470426,1.0,nifedipine,1.30b_B03,nifedipine,0.35
-47.51416,-5.410728,1.0,nifedipine,1.30b_B03,nifedipine,0.35
-47.871704,-1.1037099,1.0,nifedipine,1.30b_B03,nifedipine,0.35
-47.31753,-2.4189758,1.0,nifedipine,1.30b_B03,nifedipine,0.35
-45.46856,-2.2211823,1.0,nifedipine,1.30b_B03,nifedipine,0.35
-47.331905,-3.311701,1.0,nifedipine,1.30b_B03,nifedipine,0.35
-45.62987,-4.4814515,1.0,nifedipine,1.30b_B03,nifedipine,0.35
-45.94836,-3.927145,1.0,nifedipine,1.30b_B03,nifedipine,0.35
-45.206253,-2.66112,1.0,nifedipine,1.30b_B03,nifedipine,0.35
-58.348,-11.880474,4.0,nifedipine,1.30b_B03,nifedipine,0.5
-59.766888,-12.976352,4.0,nifedipine,1.30b_B03,nifedipine,0.5
-55.38256,-16.032888,4.0,nifedipine,1.30b_B03,nifedipine,0.5
-58.994556,-13.459287,4.0,nifedipine,1.30b_B03,nifedipine,0.5
-57.3171,-11.238393,4.0,nifedipine,1.30b_B03,nifedipine,0.5
-58.213226,-12.616734,4.0,nifedipine,1.30b_B03,nifedipine,0.5
-61.52439,-12.979141,4.0,nifedipine,1.30b_B03,nifedipine,0.5
-58.005123,-11.698229,4.0,nifedipine,1.30b_B03,nifedipine,0.5
-58.01549,-14.503007,4.0,nifedipine,1.30b_B03,nifedipine,0.5
-54.848522,-15.269501,4.0,nifedipine,1.30b_B03,nifedipine,0.5
-55.803295,-15.514134,4.0,nifedipine,1.30b_B03,nifedipine,0.5
-57.666756,-12.387185,4.0,nifedipine,1.30b_B03,nifedipine,0.5
-57.408234,-14.038773,4.0,nifedipine,1.30b_B03,nifedipine,0.5
-56.694145,-13.742991,4.0,nifedipine,1.30b_B03,nifedipine,0.5
-55.91512,-15.045736,4.0,nifedipine,1.30b_B03,nifedipine,0.5
-57.121204,-11.866083,4.0,nifedipine,1.30b_B03,nifedipine,0.5
-57.74062,-11.27738,4.0,nifedipine,1.30b_B03,nifedipine,0.5
-55.531036,-14.950812,4.0,nifedipine,1.30b_B03,nifedipine,0.5
-58.4274,-13.712256,4.0,nifedipine,1.30b_B03,nifedipine,0.5
-56.68088,-14.509962,4.0,nifedipine,1.30b_B03,nifedipine,0.5
-57.042084,-12.3929615,4.0,nifedipine,1.30b_B03,nifedipine,0.5
-55.103046,-11.855413,4.0,nifedipine,1.30b_B03,nifedipine,0.5
-55.004494,-14.037386,4.0,nifedipine,1.30b_B03,nifedipine,0.5
-61.704388,-12.400296,4.0,nifedipine,1.30b_B03,nifedipine,0.5
-58.178837,-17.258636,10.0,nifedipine,1.30b_B03,nifedipine,0.21
-56.823944,-17.233107,10.0,nifedipine,1.30b_B03,nifedipine,0.21
-58.922375,-12.090176,10.0,nifedipine,1.30b_B03,nifedipine,0.21
-58.610897,-10.058452,10.0,nifedipine,1.30b_B03,nifedipine,0.21
-59.296562,-14.670746,10.0,nifedipine,1.30b_B03,nifedipine,0.21
-59.401676,-16.221258,10.0,nifedipine,1.30b_B03,nifedipine,0.21
-57.407047,-17.50384,10.0,nifedipine,1.30b_B03,nifedipine,0.21
-49.687675,-7.103812,10.0,nifedipine,1.30b_B03,nifedipine,0.21
-55.202843,-16.855917,10.0,nifedipine,1.30b_B03,nifedipine,0.21
-24.28639,22.791649,20.0,nifedipine,1.30b_B03,nifedipine,0.09
34.891777,-24.987041,0.1,ca_titration,1.13b_B19,ca_titration,0.74
39.57304,-36.806812,0.1,ca_titration,1.13b_B19,ca_titration,0.74
38.98483,-36.631756,0.1,ca_titration,1.13b_B19,ca_titration,0.74
40.028343,-35.724457,0.1,ca_titration,1.13b_B19,ca_titration,0.74
39.38525,-30.933556,0.1,ca_titration,1.13b_B19,ca_titration,0.74
36.35355,-37.414505,0.1,ca_titration,1.13b_B19,ca_titration,0.74
34.393463,-27.41432,0.1,ca_titration,1.13b_B19,ca_titration,0.74
39.741642,-32.75206,0.1,ca_titration,1.13b_B19,ca_titration,0.74
38.922012,-36.751125,0.1,ca_titration,1.13b_B19,ca_titration,0.74
40.430332,-34.313663,0.1,ca_titration,1.13b_B19,ca_titration,0.74
42.225113,-31.094965,0.1,ca_titration,1.13b_B19,ca_titration,0.74
34.86842,-26.49029,0.1,ca_titration,1.13b_B19,ca_titration,0.74
35.96384,-37.553513,0.1,ca_titration,1.13b_B19,ca_titration,0.74
38.22355,-30.610275,0.1,ca_titration,1.13b_B19,ca_titration,0.74
39.775944,-32.94311,0.1,ca_titration,1.13b_B19,ca_titration,0.74
40.922295,-33.941715,0.1,ca_titration,1.13b_B19,ca_titration,0.74
42.831306,-31.92362,0.1,ca_titration,1.13b_B19,ca_titration,0.74
35.887814,-25.404356,0.1,ca_titration,1.13b_B19,ca_titration,0.74
42.790142,-31.176483,0.1,ca_titration,1.13b_B19,ca_titration,0.74
41.559933,-33.006943,0.1,ca_titration,1.13b_B19,ca_titration,0.74
36.15025,-32.014626,0.1,ca_titration,1.13b_B19,ca_titration,0.74
37.75479,-30.853085,0.1,ca_titration,1.13b_B19,ca_titration,0.74
36.406036,-25.055513,0.1,ca_titration,1.13b_B19,ca_titration,0.74
42.07241,-33.151882,0.1,ca_titration,1.13b_B19,ca_titration,0.74
36.312126,-25.434685,0.1,ca_titration,1.13b_B19,ca_titration,0.74
40.96981,-31.71016,0.1,ca_titration,1.13b_B19,ca_titration,0.74
35.54883,-25.749203,0.1,ca_titration,1.13b_B19,ca_titration,0.74
36.3458,-25.877277,0.1,ca_titration,1.13b_B19,ca_titration,0.74
42.710945,-31.678581,0.1,ca_titration,1.13b_B19,ca_titration,0.74
38.441505,-32.950928,0.1,ca_titration,1.13b_B19,ca_titration,0.74
36.797752,-37.320156,0.1,ca_titration,1.13b_B19,ca_titration,0.74
39.774174,-36.43917,0.1,ca_titration,1.13b_B19,ca_titration,0.74
39.35544,-32.172825,0.1,ca_titration,1.13b_B19,ca_titration,0.74
37.471558,-14.338503,0.1,ca_titration,1.13b_B19,ca_titration,0.74
40.68653,-32.972954,0.1,ca_titration,1.13b_B19,ca_titration,0.74
38.799282,-30.301186,0.1,ca_titration,1.13b_B19,ca_titration,0.74
41.539425,-32.506195,0.1,ca_titration,1.13b_B19,ca_titration,0.74
40.162937,-32.659542,0.1,ca_titration,1.13b_B19,ca_titration,0.74
40.84399,-33.507835,0.1,ca_titration,1.13b_B19,ca_titration,0.74
36.290943,-31.794184,0.1,ca_titration,1.13b_B19,ca_titration,0.74
38.391644,-9.640854,0.4,ca_titration,1.13b_B19,ca_titration,0.63
37.199192,-10.416273,0.4,ca_titration,1.13b_B19,ca_titration,0.63
36.126305,-7.8494406,0.4,ca_titration,1.13b_B19,ca_titration,0.63
34.42288,-12.717051,0.4,ca_titration,1.13b_B19,ca_titration,0.63
37.203857,-6.736057,0.4,ca_titration,1.13b_B19,ca_titration,0.63
37.443626,-6.514516,0.4,ca_titration,1.13b_B19,ca_titration,0.63
35.69992,-10.873734,0.4,ca_titration,1.13b_B19,ca_titration,0.63
35.925694,-11.742597,0.4,ca_titration,1.13b_B19,ca_titration,0.63
36.63419,-7.515493,0.4,ca_titration,1.13b_B19,ca_titration,0.63
37.347095,-10.778854,0.4,ca_titration,1.13b_B19,ca_titration,0.63
34.568058,-10.537743,0.4,ca_titration,1.13b_B19,ca_titration,0.63
33.773445,-14.38541,0.4,ca_titration,1.13b_B19,ca_titration,0.63
36.09007,-10.674399,0.4,ca_titration,1.13b_B19,ca_titration,0.63
34.672325,-9.745489,0.4,ca_titration,1.13b_B19,ca_titration,0.63
35.158657,-8.785263,0.4,ca_titration,1.13b_B19,ca_titration,0.63
35.40208,-7.065192,0.4,ca_titration,1.13b_B19,ca_titration,0.63
36.014885,-11.06322,0.4,ca_titration,1.13b_B19,ca_titration,0.63
35.974445,-9.735012,0.4,ca_titration,1.13b_B19,ca_titration,0.63
33.93699,-10.485221,0.4,ca_titration,1.13b_B19,ca_titration,0.63
36.50597,-11.795234,0.4,ca_titration,1.13b_B19,ca_titration,0.63
35.806843,-8.311628,0.4,ca_titration,1.13b_B19,ca_titration,0.63
36.14475,-12.939915,0.4,ca_titration,1.13b_B19,ca_titration,0.63
33.60504,-14.475571,0.4,ca_titration,1.13b_B19,ca_titration,0.63
35.450314,-7.040829,0.4,ca_titration,1.13b_B19,ca_titration,0.63
37.466347,-6.463625,0.4,ca_titration,1.13b_B19,ca_titration,0.63
36.765953,-9.458194,0.4,ca_titration,1.13b_B19,ca_titration,0.63
37.43499,-8.926458,0.4,ca_titration,1.13b_B19,ca_titration,0.63
35.966114,-9.823474,0.4,ca_titration,1.13b_B19,ca_titration,0.63
34.92962,-10.609027,0.4,ca_titration,1.13b_B19,ca_titration,0.63
34.40884,-10.9884,0.4,ca_titration,1.13b_B19,ca_titration,0.63
33.410164,-12.34304,0.4,ca_titration,1.13b_B19,ca_titration,0.63
36.297993,-12.864963,0.4,ca_titration,1.13b_B19,ca_titration,0.63
37.818363,-9.18927,0.4,ca_titration,1.13b_B19,ca_titration,0.63
35.290974,-11.6696205,0.4,ca_titration,1.13b_B19,ca_titration,0.63
36.396824,-8.8895035,0.4,ca_titration,1.13b_B19,ca_titration,0.63
32.994602,-6.7039204,0.6,ca_titration,1.13b_B19,ca_titration,0.61
33.254158,-8.882214,0.6,ca_titration,1.13b_B19,ca_titration,0.61
34.047844,-8.384166,0.6,ca_titration,1.13b_B19,ca_titration,0.61
33.680355,-6.5938745,0.6,ca_titration,1.13b_B19,ca_titration,0.61
33.285233,-7.7218394,0.6,ca_titration,1.13b_B19,ca_titration,0.61
32.964935,-9.089801,0.6,ca_titration,1.13b_B19,ca_titration,0.61
31.50298,-5.9944277,0.6,ca_titration,1.13b_B19,ca_titration,0.61
33.377686,-6.8111987,0.6,ca_titration,1.13b_B19,ca_titration,0.61
33.403576,-14.577164,0.6,ca_titration,1.13b_B19,ca_titration,0.61
19.729536,-1.1011229,1.0,ca_titration,1.13b_B19,ca_titration,0.61
18.466139,-0.7884544,1.0,ca_titration,1.13b_B19,ca_titration,0.61
17.727356,-13.708032,1.0,ca_titration,1.13b_B19,ca_titration,0.61
13.014505,-3.5336666,1.0,ca_titration,1.13b_B19,ca_titration,0.61
10.435705,7.3268585,1.0,ca_titration,1.13b_B19,ca_titration,0.61
12.241021,-3.4331858,1.0,ca_titration,1.13b_B19,ca_titration,0.61
19.165104,-3.7438087,1.0,ca_titration,1.13b_B19,ca_titration,0.61
19.001862,-1.8720336,1.0,ca_titration,1.13b_B19,ca_titration,0.61
12.884083,-3.9468973,1.0,ca_titration,1.13b_B19,ca_titration,0.61
21.717514,-0.4209873,1.0,ca_titration,1.13b_B19,ca_titration,0.61
18.093384,-8.366169,1.0,ca_titration,1.13b_B19,ca_titration,0.61
17.852875,-3.907289,1.0,ca_titration,1.13b_B19,ca_titration,0.61
15.35292,-3.3200932,1.0,ca_titration,1.13b_B19,ca_titration,0.61
20.135544,-0.7766838,1.0,ca_titration,1.13b_B19,ca_titration,0.61
12.681462,-4.6787,1.0,ca_titration,1.13b_B19,ca_titration,0.61
19.019403,-2.219635,1.0,ca_titration,1.13b_B19,ca_titration,0.61
14.023947,-4.350653,1.0,ca_titration,1.13b_B19,ca_titration,0.61
13.793547,-3.8121448,1.0,ca_titration,1.13b_B19,ca_titration,0.61
20.768627,-8.015928,1.0,ca_titration,1.13b_B19,ca_titration,0.61
18.188972,-5.0078263,1.0,ca_titration,1.13b_B19,ca_titration,0.61
21.66467,-0.42855993,1.0,ca_titration,1.13b_B19,ca_titration,0.61
16.947477,-3.618711,1.0,ca_titration,1.13b_B19,ca_titration,0.61
13.7514105,-5.0536814,1.0,ca_titration,1.13b_B19,ca_titration,0.61
14.44567,0.9616525,1.0,ca_titration,1.13b_B19,ca_titration,0.61
17.072508,-4.205659,1.0,ca_titration,1.13b_B19,ca_titration,0.61
20.69176,-0.23587912,1.0,ca_titration,1.13b_B19,ca_titration,0.61
13.09355,-4.802613,1.0,ca_titration,1.13b_B19,ca_titration,0.61
16.461624,-3.9218273,1.0,ca_titration,1.13b_B19,ca_titration,0.61
17.330885,-3.8832526,1.0,ca_titration,1.13b_B19,ca_titration,0.61
14.280403,-2.5238965,1.0,ca_titration,1.13b_B19,ca_titration,0.61
18.87357,-4.39893,1.0,ca_titration,1.13b_B19,ca_titration,0.61
19.651775,-0.08288598,1.0,ca_titration,1.13b_B19,ca_titration,0.61
19.368734,-0.40838164,1.0,ca_titration,1.13b_B19,ca_titration,0.61
18.203627,-10.276756,1.0,ca_titration,1.13b_B19,ca_titration,0.61
12.634368,-2.0772753,1.5,ca_titration,1.13b_B19,ca_titration,0.55
10.722569,2.0772138,1.5,ca_titration,1.13b_B19,ca_titration,0.55
13.065321,-1.1904598,1.5,ca_titration,1.13b_B19,ca_titration,0.55
16.431763,0.3154778,1.5,ca_titration,1.13b_B19,ca_titration,0.55
13.463378,-1.7455784,1.5,ca_titration,1.13b_B19,ca_titration,0.55
14.493058,3.0651445,1.5,ca_titration,1.13b_B19,ca_titration,0.55
12.828984,0.79282767,1.5,ca_titration,1.13b_B19,ca_titration,0.55
13.664312,3.438067,1.5,ca_titration,1.13b_B19,ca_titration,0.55
14.7832775,0.2812503,1.5,ca_titration,1.13b_B19,ca_titration,0.55
16.369066,-1.6076956,1.5,ca_titration,1.13b_B19,ca_titration,0.55
10.430503,7.328,1.5,ca_titration,1.13b_B19,ca_titration,0.55
12.151658,-1.9119911,1.5,ca_titration,1.13b_B19,ca_titration,0.55
13.361995,-1.8098729,1.5,ca_titration,1.13b_B19,ca_titration,0.55
10.7423315,2.0729306,1.5,ca_titration,1.13b_B19,ca_titration,0.55
15.35488,-0.016204998,1.5,ca_titration,1.13b_B19,ca_titration,0.55
15.065291,-0.602017,1.5,ca_titration,1.13b_B19,ca_titration,0.55
11.450053,-0.99602145,1.5,ca_titration,1.13b_B19,ca_titration,0.55
14.137431,0.13329104,1.5,ca_titration,1.13b_B19,ca_titration,0.55
15.676288,-2.2216172,1.5,ca_titration,1.13b_B19,ca_titration,0.55
16.425903,-2.7608218,1.5,ca_titration,1.13b_B19,ca_titration,0.55
9.337938,2.7216406,1.5,ca_titration,1.13b_B19,ca_titration,0.55
14.170267,-1.3081079,1.5,ca_titration,1.13b_B19,ca_titration,0.55
16.82378,0.3452339,1.5,ca_titration,1.13b_B19,ca_titration,0.55
11.566749,-2.1817887,1.5,ca_titration,1.13b_B19,ca_titration,0.55
17.955803,1.0134844,1.5,ca_titration,1.13b_B19,ca_titration,0.55
13.714334,3.528701,1.5,ca_titration,1.13b_B19,ca_titration,0.55
16.782621,-2.6615887,1.5,ca_titration,1.13b_B19,ca_titration,0.55
16.706682,0.30005217,1.5,ca_titration,1.13b_B19,ca_titration,0.55
17.613071,-0.58687574,1.5,ca_titration,1.13b_B19,ca_titration,0.55
17.763605,0.26567537,1.5,ca_titration,1.13b_B19,ca_titration,0.55
15.892624,1.4561956,1.5,ca_titration,1.13b_B19,ca_titration,0.55
14.39405,21.312033,2.0,ca_titration,1.13b_B19,ca_titration,0.48
11.252873,22.736338,2.0,ca_titration,1.13b_B19,ca_titration,0.48
13.584938,22.893093,2.0,ca_titration,1.13b_B19,ca_titration,0.48
12.736871,19.563332,2.0,ca_titration,1.13b_B19,ca_titration,0.48
13.096932,21.412088,2.0,ca_titration,1.13b_B19,ca_titration,0.48
13.085356,19.844593,2.0,ca_titration,1.13b_B19,ca_titration,0.48
11.198271,15.953102,2.0,ca_titration,1.13b_B19,ca_titration,0.48
13.057942,22.425293,2.0,ca_titration,1.13b_B19,ca_titration,0.48
12.217472,22.991238,2.0,ca_titration,1.13b_B19,ca_titration,0.48
13.747226,19.56032,2.0,ca_titration,1.13b_B19,ca_titration,0.48
12.464428,23.475544,2.0,ca_titration,1.13b_B19,ca_titration,0.48
13.317564,21.021729,2.0,ca_titration,1.13b_B19,ca_titration,0.48
13.250978,21.424482,2.0,ca_titration,1.13b_B19,ca_titration,0.48
15.058649,22.02684,2.0,ca_titration,1.13b_B19,ca_titration,0.48
22.876862,7.683004,2.0,ca_titration,1.13b_B19,ca_titration,0.48
13.662886,22.15357,2.0,ca_titration,1.13b_B19,ca_titration,0.48
14.684866,19.925364,2.0,ca_titration,1.13b_B19,ca_titration,0.48
14.070924,21.703455,2.0,ca_titration,1.13b_B19,ca_titration,0.48
14.754483,20.283363,2.0,ca_titration,1.13b_B19,ca_titration,0.48
14.656408,19.457724,2.0,ca_titration,1.13b_B19,ca_titration,0.48
11.452173,17.677694,2.0,ca_titration,1.13b_B19,ca_titration,0.48
13.386669,18.176939,2.0,ca_titration,1.13b_B19,ca_titration,0.48
12.521976,21.31248,2.0,ca_titration,1.13b_B19,ca_titration,0.48
12.181659,18.233522,2.0,ca_titration,1.13b_B19,ca_titration,0.48
12.32531,19.661724,2.0,ca_titration,1.13b_B19,ca_titration,0.48
34.27837,-32.625496,0.2,ca_titration,1.20b_B01,ca_titration,0.85
33.717045,-34.61456,0.2,ca_titration,1.20b_B01,ca_titration,0.85
34.37239,-35.57219,0.2,ca_titration,1.20b_B01,ca_titration,0.85
27.399166,-32.52731,0.2,ca_titration,1.20b_B01,ca_titration,0.85
29.879175,-38.076157,0.2,ca_titration,1.20b_B01,ca_titration,0.85
28.736155,-32.174526,0.2,ca_titration,1.20b_B01,ca_titration,0.85
22.709713,-29.597965,0.2,ca_titration,1.20b_B01,ca_titration,0.85
27.12483,-28.097166,0.2,ca_titration,1.20b_B01,ca_titration,0.85
26.81598,-35.5089,0.2,ca_titration,1.20b_B01,ca_titration,0.85
31.91362,-25.107811,0.2,ca_titration,1.20b_B01,ca_titration,0.85
29.316286,-32.73196,0.2,ca_titration,1.20b_B01,ca_titration,0.85
24.637333,-27.937637,0.2,ca_titration,1.20b_B01,ca_titration,0.85
33.518574,-29.864222,0.2,ca_titration,1.20b_B01,ca_titration,0.85
23.485395,-35.298786,0.2,ca_titration,1.20b_B01,ca_titration,0.85
29.889208,-36.932335,0.2,ca_titration,1.20b_B01,ca_titration,0.85
32.397667,-24.23693,0.2,ca_titration,1.20b_B01,ca_titration,0.85
26.341623,-33.667664,0.2,ca_titration,1.20b_B01,ca_titration,0.85
33.001255,-35.511295,0.2,ca_titration,1.20b_B01,ca_titration,0.85
28.73092,-26.756273,0.2,ca_titration,1.20b_B01,ca_titration,0.85
26.463364,-31.888285,0.2,ca_titration,1.20b_B01,ca_titration,0.85
27.65341,-37.796875,0.2,ca_titration,1.20b_B01,ca_titration,0.85
32.40935,-37.65762,0.2,ca_titration,1.20b_B01,ca_titration,0.85
30.262365,-32.905388,0.2,ca_titration,1.20b_B01,ca_titration,0.85
25.988016,-33.137558,0.2,ca_titration,1.20b_B01,ca_titration,0.85
29.986887,-29.994642,0.2,ca_titration,1.20b_B01,ca_titration,0.85
30.612585,-25.672777,0.2,ca_titration,1.20b_B01,ca_titration,0.85
23.070877,-28.348349,0.2,ca_titration,1.20b_B01,ca_titration,0.85
28.114155,-25.799522,0.2,ca_titration,1.20b_B01,ca_titration,0.85
31.349592,-37.307682,0.2,ca_titration,1.20b_B01,ca_titration,0.85
30.78643,-27.652819,0.2,ca_titration,1.20b_B01,ca_titration,0.85
30.906391,-36.383858,0.2,ca_titration,1.20b_B01,ca_titration,0.85
24.164282,-38.39809,0.2,ca_titration,1.20b_B01,ca_titration,0.85
25.07892,-31.808958,0.2,ca_titration,1.20b_B01,ca_titration,0.85
28.378593,-29.343853,0.2,ca_titration,1.20b_B01,ca_titration,0.85
31.48003,-32.25965,0.2,ca_titration,1.20b_B01,ca_titration,0.85
25.046503,-34.87989,0.2,ca_titration,1.20b_B01,ca_titration,0.85
25.755512,-37.197483,0.2,ca_titration,1.20b_B01,ca_titration,0.85
26.27158,-30.628548,0.2,ca_titration,1.20b_B01,ca_titration,0.85
32.526634,-38.97095,0.2,ca_titration,1.20b_B01,ca_titration,0.85
28.933315,-33.776527,0.2,ca_titration,1.20b_B01,ca_titration,0.85
28.260447,-35.365944,0.2,ca_titration,1.20b_B01,ca_titration,0.85
22.427616,-34.20709,0.2,ca_titration,1.20b_B01,ca_titration,0.85
30.572115,-38.32353,0.2,ca_titration,1.20b_B01,ca_titration,0.85
24.052078,-29.608831,0.2,ca_titration,1.20b_B01,ca_titration,0.85
34.93248,-34.80595,0.2,ca_titration,1.20b_B01,ca_titration,0.85
27.061193,-34.3819,0.2,ca_titration,1.20b_B01,ca_titration,0.85
23.302757,-30.778309,0.2,ca_titration,1.20b_B01,ca_titration,0.85
29.742283,-31.01299,0.2,ca_titration,1.20b_B01,ca_titration,0.85
24.162174,-36.240837,0.2,ca_titration,1.20b_B01,ca_titration,0.85
34.27837,-32.625496,0.2,ca_titration,1.20b_B01,ca_titration,0.85
33.717052,-34.61457,0.2,ca_titration,1.20b_B01,ca_titration,0.85
34.37239,-35.57219,0.2,ca_titration,1.20b_B01,ca_titration,0.85
27.39964,-32.52744,0.2,ca_titration,1.20b_B01,ca_titration,0.85
29.879175,-38.076157,0.2,ca_titration,1.20b_B01,ca_titration,0.85
28.736155,-32.174526,0.2,ca_titration,1.20b_B01,ca_titration,0.85
22.709713,-29.597965,0.2,ca_titration,1.20b_B01,ca_titration,0.85
27.124886,-28.097551,0.2,ca_titration,1.20b_B01,ca_titration,0.85
26.81598,-35.5089,0.2,ca_titration,1.20b_B01,ca_titration,0.85
31.91362,-25.107811,0.2,ca_titration,1.20b_B01,ca_titration,0.85
29.316055,-32.73186,0.2,ca_titration,1.20b_B01,ca_titration,0.85
24.63727,-27.937325,0.2,ca_titration,1.20b_B01,ca_titration,0.85
33.518574,-29.864222,0.2,ca_titration,1.20b_B01,ca_titration,0.85
23.485395,-35.298786,0.2,ca_titration,1.20b_B01,ca_titration,0.85
29.88907,-36.93175,0.2,ca_titration,1.20b_B01,ca_titration,0.85
32.397514,-24.236244,0.2,ca_titration,1.20b_B01,ca_titration,0.85
26.341623,-33.667664,0.2,ca_titration,1.20b_B01,ca_titration,0.85
33.001255,-35.511295,0.2,ca_titration,1.20b_B01,ca_titration,0.85
28.730904,-26.756176,0.2,ca_titration,1.20b_B01,ca_titration,0.85
26.463371,-31.888292,0.2,ca_titration,1.20b_B01,ca_titration,0.85
27.65341,-37.796875,0.2,ca_titration,1.20b_B01,ca_titration,0.85
32.40944,-37.657696,0.2,ca_titration,1.20b_B01,ca_titration,0.85
30.26325,-32.905075,0.2,ca_titration,1.20b_B01,ca_titration,0.85
25.988037,-33.138596,0.2,ca_titration,1.20b_B01,ca_titration,0.85
29.986887,-29.994642,0.2,ca_titration,1.20b_B01,ca_titration,0.85
30.612585,-25.672777,0.2,ca_titration,1.20b_B01,ca_titration,0.85
23.070873,-28.348326,0.2,ca_titration,1.20b_B01,ca_titration,0.85
28.114155,-25.799522,0.2,ca_titration,1.20b_B01,ca_titration,0.85
31.349913,-37.307663,0.2,ca_titration,1.20b_B01,ca_titration,0.85
30.78576,-27.653172,0.2,ca_titration,1.20b_B01,ca_titration,0.85
30.906391,-36.383858,0.2,ca_titration,1.20b_B01,ca_titration,0.85
24.164282,-38.39809,0.2,ca_titration,1.20b_B01,ca_titration,0.85
25.07892,-31.808958,0.2,ca_titration,1.20b_B01,ca_titration,0.85
28.378593,-29.343853,0.2,ca_titration,1.20b_B01,ca_titration,0.85
31.48003,-32.25965,0.2,ca_titration,1.20b_B01,ca_titration,0.85
25.046623,-34.879955,0.2,ca_titration,1.20b_B01,ca_titration,0.85
25.755512,-37.197483,0.2,ca_titration,1.20b_B01,ca_titration,0.85
26.27158,-30.628548,0.2,ca_titration,1.20b_B01,ca_titration,0.85
32.526634,-38.97095,0.2,ca_titration,1.20b_B01,ca_titration,0.85
28.93291,-33.776783,0.2,ca_titration,1.20b_B01,ca_titration,0.85
28.260447,-35.365944,0.2,ca_titration,1.20b_B01,ca_titration,0.85
22.427616,-34.20709,0.2,ca_titration,1.20b_B01,ca_titration,0.85
30.572115,-38.32353,0.2,ca_titration,1.20b_B01,ca_titration,0.85
24.052105,-29.608797,0.2,ca_titration,1.20b_B01,ca_titration,0.85
34.93248,-34.80595,0.2,ca_titration,1.20b_B01,ca_titration,0.85
27.061193,-34.3819,0.2,ca_titration,1.20b_B01,ca_titration,0.85
23.302757,-30.778309,0.2,ca_titration,1.20b_B01,ca_titration,0.85
29.742283,-31.01299,0.2,ca_titration,1.20b_B01,ca_titration,0.85
24.162174,-36.240837,0.2,ca_titration,1.20b_B01,ca_titration,0.85
18.553322,-23.216383,0.4,ca_titration,1.20b_B01,ca_titration,0.84
22.494331,-21.815409,0.4,ca_titration,1.20b_B01,ca_titration,0.84
25.131247,-20.462679,0.4,ca_titration,1.20b_B01,ca_titration,0.84
22.722376,-20.801914,0.4,ca_titration,1.20b_B01,ca_titration,0.84
20.95848,-23.359062,0.4,ca_titration,1.20b_B01,ca_titration,0.84
18.629276,-23.422335,0.4,ca_titration,1.20b_B01,ca_titration,0.84
19.003263,-20.360207,0.4,ca_titration,1.20b_B01,ca_titration,0.84
21.585772,-23.270992,0.4,ca_titration,1.20b_B01,ca_titration,0.84
19.644772,-23.405264,0.4,ca_titration,1.20b_B01,ca_titration,0.84
20.160374,-23.326342,0.4,ca_titration,1.20b_B01,ca_titration,0.84
19.03165,-20.155119,0.4,ca_titration,1.20b_B01,ca_titration,0.84
18.735552,-23.45013,0.4,ca_titration,1.20b_B01,ca_titration,0.84
18.234928,-22.646605,0.4,ca_titration,1.20b_B01,ca_titration,0.84
22.03599,-23.026731,0.4,ca_titration,1.20b_B01,ca_titration,0.84
24.34211,-20.879532,0.4,ca_titration,1.20b_B01,ca_titration,0.84
22.4944,-23.021383,0.4,ca_titration,1.20b_B01,ca_titration,0.84
23.185898,-22.341637,0.4,ca_titration,1.20b_B01,ca_titration,0.84
23.780546,-18.74094,0.4,ca_titration,1.20b_B01,ca_titration,0.84
17.953928,-19.397747,0.4,ca_titration,1.20b_B01,ca_titration,0.84
19.87445,-18.995428,0.4,ca_titration,1.20b_B01,ca_titration,0.84
22.095066,-21.85655,0.4,ca_titration,1.20b_B01,ca_titration,0.84
23.025103,-21.994572,0.4,ca_titration,1.20b_B01,ca_titration,0.84
18.773476,-18.326965,0.4,ca_titration,1.20b_B01,ca_titration,0.84
21.750648,-12.05471,0.4,ca_titration,1.20b_B01,ca_titration,0.84
22.542822,-20.10263,0.4,ca_titration,1.20b_B01,ca_titration,0.84
20.447556,-19.422314,0.4,ca_titration,1.20b_B01,ca_titration,0.84
24.797705,-23.337818,0.4,ca_titration,1.20b_B01,ca_titration,0.84
22.04523,-18.379465,0.4,ca_titration,1.20b_B01,ca_titration,0.84
23.395487,-24.302195,0.4,ca_titration,1.20b_B01,ca_titration,0.84
24.597034,-21.560482,0.4,ca_titration,1.20b_B01,ca_titration,0.84
20.686934,-18.949968,0.4,ca_titration,1.20b_B01,ca_titration,0.84
25.590157,-23.206335,0.4,ca_titration,1.20b_B01,ca_titration,0.84
19.825825,-20.532665,0.4,ca_titration,1.20b_B01,ca_titration,0.84
20.665985,-21.383501,0.4,ca_titration,1.20b_B01,ca_titration,0.84
25.725271,-21.550888,0.4,ca_titration,1.20b_B01,ca_titration,0.84
25.291018,-20.539385,0.4,ca_titration,1.20b_B01,ca_titration,0.84
22.530006,-19.09684,0.4,ca_titration,1.20b_B01,ca_titration,0.84
24.527868,-20.356215,0.4,ca_titration,1.20b_B01,ca_titration,0.84
20.650894,-20.662716,0.4,ca_titration,1.20b_B01,ca_titration,0.84
23.814104,-20.321234,0.4,ca_titration,1.20b_B01,ca_titration,0.84
24.297974,-23.298206,0.4,ca_titration,1.20b_B01,ca_titration,0.84
20.988312,-21.500732,0.4,ca_titration,1.20b_B01,ca_titration,0.84
23.319582,-20.272589,0.4,ca_titration,1.20b_B01,ca_titration,0.84
20.434977,-22.124853,0.4,ca_titration,1.20b_B01,ca_titration,0.84
23.528694,-19.175047,0.4,ca_titration,1.20b_B01,ca_titration,0.84
21.773657,-19.353125,0.4,ca_titration,1.20b_B01,ca_titration,0.84
20.721659,-19.801023,0.4,ca_titration,1.20b_B01,ca_titration,0.84
15.647497,-12.437688,0.6,ca_titration,1.20b_B01,ca_titration,0.68
12.408378,-10.431825,0.6,ca_titration,1.20b_B01,ca_titration,0.68
18.708406,-12.859879,0.6,ca_titration,1.20b_B01,ca_titration,0.68
21.018648,-11.882838,0.6,ca_titration,1.20b_B01,ca_titration,0.68
14.881566,-11.577187,0.6,ca_titration,1.20b_B01,ca_titration,0.68
18.436895,-10.744348,0.6,ca_titration,1.20b_B01,ca_titration,0.68
19.210407,-10.163417,0.6,ca_titration,1.20b_B01,ca_titration,0.68
18.651247,-11.585136,0.6,ca_titration,1.20b_B01,ca_titration,0.68
18.3263,-9.238412,0.6,ca_titration,1.20b_B01,ca_titration,0.68
11.826834,-6.5055337,0.6,ca_titration,1.20b_B01,ca_titration,0.68
15.826865,-8.874813,0.6,ca_titration,1.20b_B01,ca_titration,0.68
18.005722,-12.204864,0.6,ca_titration,1.20b_B01,ca_titration,0.68
19.850834,-9.401201,0.6,ca_titration,1.20b_B01,ca_titration,0.68
11.386937,-6.5418234,0.6,ca_titration,1.20b_B01,ca_titration,0.68
17.68664,-10.865669,0.6,ca_titration,1.20b_B01,ca_titration,0.68
13.850499,-9.660393,0.6,ca_titration,1.20b_B01,ca_titration,0.68
13.549667,-8.559933,0.6,ca_titration,1.20b_B01,ca_titration,0.68
13.975772,-12.140585,0.6,ca_titration,1.20b_B01,ca_titration,0.68
20.57161,-11.640391,0.6,ca_titration,1.20b_B01,ca_titration,0.68
20.713377,-10.182149,0.6,ca_titration,1.20b_B01,ca_titration,0.68
13.212998,-9.570961,0.6,ca_titration,1.20b_B01,ca_titration,0.68
13.68259,-10.432037,0.6,ca_titration,1.20b_B01,ca_titration,0.68
19.595745,-13.77433,0.6,ca_titration,1.20b_B01,ca_titration,0.68
14.284094,-11.849171,0.6,ca_titration,1.20b_B01,ca_titration,0.68
17.574038,-12.085634,0.6,ca_titration,1.20b_B01,ca_titration,0.68
14.762738,-14.271006,0.6,ca_titration,1.20b_B01,ca_titration,0.68
14.117712,-13.639313,0.6,ca_titration,1.20b_B01,ca_titration,0.68
18.783823,-13.733263,0.6,ca_titration,1.20b_B01,ca_titration,0.68
19.55133,-13.117777,0.6,ca_titration,1.20b_B01,ca_titration,0.68
16.723131,-5.7178564,0.6,ca_titration,1.20b_B01,ca_titration,0.68
13.173653,-13.244767,0.6,ca_titration,1.20b_B01,ca_titration,0.68
14.347335,-13.516369,0.6,ca_titration,1.20b_B01,ca_titration,0.68
21.440754,-11.376296,0.6,ca_titration,1.20b_B01,ca_titration,0.68
18.908401,-12.451216,0.6,ca_titration,1.20b_B01,ca_titration,0.68
20.45245,-10.594337,0.6,ca_titration,1.20b_B01,ca_titration,0.68
13.284363,-12.507629,0.6,ca_titration,1.20b_B01,ca_titration,0.68
18.63796,-10.885318,0.6,ca_titration,1.20b_B01,ca_titration,0.68
2.2783175,-12.580387,0.8,ca_titration,1.20b_B01,ca_titration,0.72
10.575153,-10.545738,0.8,ca_titration,1.20b_B01,ca_titration,0.72
11.254431,-7.9533043,0.8,ca_titration,1.20b_B01,ca_titration,0.72
15.648563,-6.3101997,0.8,ca_titration,1.20b_B01,ca_titration,0.72
6.4760127,-8.449221,0.8,ca_titration,1.20b_B01,ca_titration,0.72
5.7986064,-8.159041,0.8,ca_titration,1.20b_B01,ca_titration,0.72
7.784732,-9.109701,0.8,ca_titration,1.20b_B01,ca_titration,0.72
13.224083,-6.7085886,0.8,ca_titration,1.20b_B01,ca_titration,0.72
9.68028,-9.770415,0.8,ca_titration,1.20b_B01,ca_titration,0.72
10.294426,-10.345084,0.8,ca_titration,1.20b_B01,ca_titration,0.72
9.366268,-4.8262386,0.8,ca_titration,1.20b_B01,ca_titration,0.72
6.8846,-7.603902,0.8,ca_titration,1.20b_B01,ca_titration,0.72
10.232746,-8.002163,0.8,ca_titration,1.20b_B01,ca_titration,0.72
7.033548,-9.297551,0.8,ca_titration,1.20b_B01,ca_titration,0.72
6.8827367,-10.474708,0.8,ca_titration,1.20b_B01,ca_titration,0.72
10.135753,-10.707712,0.8,ca_titration,1.20b_B01,ca_titration,0.72
10.091705,-8.54054,0.8,ca_titration,1.20b_B01,ca_titration,0.72
9.586582,-7.6954618,0.8,ca_titration,1.20b_B01,ca_titration,0.72
11.116325,-8.7005205,0.8,ca_titration,1.20b_B01,ca_titration,0.72
10.364938,-8.762817,0.8,ca_titration,1.20b_B01,ca_titration,0.72
6.2684875,-9.732775,0.8,ca_titration,1.20b_B01,ca_titration,0.72
8.643063,-7.3254013,0.8,ca_titration,1.20b_B01,ca_titration,0.72
3.656033,-12.43236,0.8,ca_titration,1.20b_B01,ca_titration,0.72
5.5605364,-10.758015,0.8,ca_titration,1.20b_B01,ca_titration,0.72
7.7724433,-5.3695326,0.8,ca_titration,1.20b_B01,ca_titration,0.72
1.8203679,-9.919371,0.8,ca_titration,1.20b_B01,ca_titration,0.72
5.477826,-10.987382,0.8,ca_titration,1.20b_B01,ca_titration,0.72
7.228631,-11.753602,0.8,ca_titration,1.20b_B01,ca_titration,0.72
8.333401,-5.276077,0.8,ca_titration,1.20b_B01,ca_titration,0.72
9.908724,-7.1680465,0.8,ca_titration,1.20b_B01,ca_titration,0.72
3.966955,-11.996285,0.8,ca_titration,1.20b_B01,ca_titration,0.72
6.1160455,-9.622163,0.8,ca_titration,1.20b_B01,ca_titration,0.72
6.909249,-11.771099,0.8,ca_titration,1.20b_B01,ca_titration,0.72
8.159697,-11.447357,0.8,ca_titration,1.20b_B01,ca_titration,0.72
7.825005,-11.609838,0.8,ca_titration,1.20b_B01,ca_titration,0.72
4.373661,-7.054185,0.8,ca_titration,1.20b_B01,ca_titration,0.72
4.697732,-12.072393,0.8,ca_titration,1.20b_B01,ca_titration,0.72
8.048008,-12.10631,0.8,ca_titration,1.20b_B01,ca_titration,0.72
8.587358,-13.049532,0.8,ca_titration,1.20b_B01,ca_titration,0.72
3.8547854,-4.217323,1.0,ca_titration,1.20b_B01,ca_titration,0.65
-0.71444094,-6.512932,1.0,ca_titration,1.20b_B01,ca_titration,0.65
-2.6329355,1.6699787,1.0,ca_titration,1.20b_B01,ca_titration,0.65
0.24688247,-7.0371895,1.0,ca_titration,1.20b_B01,ca_titration,0.65
0.1873132,-6.6997094,1.0,ca_titration,1.20b_B01,ca_titration,0.65
2.9577305,-4.769474,1.0,ca_titration,1.20b_B01,ca_titration,0.65
-2.38448,-9.543912,1.0,ca_titration,1.20b_B01,ca_titration,0.65
5.1878834,-2.9795768,1.0,ca_titration,1.20b_B01,ca_titration,0.65
1.6012923,-4.8755746,1.0,ca_titration,1.20b_B01,ca_titration,0.65
3.845506,-4.928006,1.0,ca_titration,1.20b_B01,ca_titration,0.65
4.014876,-5.413673,1.0,ca_titration,1.20b_B01,ca_titration,0.65
-0.8065492,3.2050061,1.0,ca_titration,1.20b_B01,ca_titration,0.65
-2.1645858,-9.765422,1.0,ca_titration,1.20b_B01,ca_titration,0.65
2.0607533,-5.992059,1.0,ca_titration,1.20b_B01,ca_titration,0.65
3.705978,-5.7006783,1.0,ca_titration,1.20b_B01,ca_titration,0.65
3.9059145,-6.3812246,1.0,ca_titration,1.20b_B01,ca_titration,0.65
-1.1411358,-10.291056,1.0,ca_titration,1.20b_B01,ca_titration,0.65
1.4384302,-11.224765,1.0,ca_titration,1.20b_B01,ca_titration,0.65
-1.728582,-10.02472,1.0,ca_titration,1.20b_B01,ca_titration,0.65
-1.4141222,-9.867794,1.0,ca_titration,1.20b_B01,ca_titration,0.65
2.882977,-11.006226,1.0,ca_titration,1.20b_B01,ca_titration,0.65
2.8738601,-10.230143,1.0,ca_titration,1.20b_B01,ca_titration,0.65
3.4600184,-6.1468773,1.0,ca_titration,1.20b_B01,ca_titration,0.65
-2.1465588,-10.606652,1.0,ca_titration,1.20b_B01,ca_titration,0.65
1.9129685,-7.362209,1.0,ca_titration,1.20b_B01,ca_titration,0.65
1.2295496,-8.185461,1.0,ca_titration,1.20b_B01,ca_titration,0.65
2.8260887,-8.376411,1.0,ca_titration,1.20b_B01,ca_titration,0.65
2.9608774,-10.953744,1.0,ca_titration,1.20b_B01,ca_titration,0.65
4.354612,-10.189352,1.0,ca_titration,1.20b_B01,ca_titration,0.65
2.4782937,-8.508912,1.0,ca_titration,1.20b_B01,ca_titration,0.65
3.5055873,-8.078127,1.0,ca_titration,1.20b_B01,ca_titration,0.65
1.4922687,1.5767576,1.0,ca_titration,1.20b_B01,ca_titration,0.65
2.1520617,1.5675474,1.0,ca_titration,1.20b_B01,ca_titration,0.65
3.0171108,1.4200746,1.0,ca_titration,1.20b_B01,ca_titration,0.65
4.107534,-8.461014,1.0,ca_titration,1.20b_B01,ca_titration,0.65
-1.8166139,-11.311636,1.0,ca_titration,1.20b_B01,ca_titration,0.65
-2.7999854,4.3242726,1.5,ca_titration,1.20b_B01,ca_titration,0.6
-2.7587378,4.6456795,1.5,ca_titration,1.20b_B01,ca_titration,0.6
-1.7190688,7.822929,1.5,ca_titration,1.20b_B01,ca_titration,0.6
2.051743,-2.3982015,1.5,ca_titration,1.20b_B01,ca_titration,0.6
2.0692916,-1.9302471,1.5,ca_titration,1.20b_B01,ca_titration,0.6
-2.0062954,8.191701,1.5,ca_titration,1.20b_B01,ca_titration,0.6
-2.7558372,4.8202024,1.5,ca_titration,1.20b_B01,ca_titration,0.6
-2.4386463,8.853687,1.5,ca_titration,1.20b_B01,ca_titration,0.6
-2.499334,9.156297,1.5,ca_titration,1.20b_B01,ca_titration,0.6
2.0133593,-3.227328,1.5,ca_titration,1.20b_B01,ca_titration,0.6
2.853463,-3.1637802,1.5,ca_titration,1.20b_B01,ca_titration,0.6
2.3909295,-3.250823,1.5,ca_titration,1.20b_B01,ca_titration,0.6
-0.07055156,-4.1658344,1.5,ca_titration,1.20b_B01,ca_titration,0.6
-2.460455,2.7831628,1.5,ca_titration,1.20b_B01,ca_titration,0.6
-2.0076258,2.8029602,1.5,ca_titration,1.20b_B01,ca_titration,0.6
-2.090017,1.7607316,1.5,ca_titration,1.20b_B01,ca_titration,0.6
1.1275522,-4.2871723,1.5,ca_titration,1.20b_B01,ca_titration,0.6
-2.0761847,2.5048652,1.5,ca_titration,1.20b_B01,ca_titration,0.6
0.5533793,-4.774845,1.5,ca_titration,1.20b_B01,ca_titration,0.6
2.311477,-4.5737257,1.5,ca_titration,1.20b_B01,ca_titration,0.6
1.2121534,-5.119332,1.5,ca_titration,1.20b_B01,ca_titration,0.6
-1.1050242,2.410032,1.5,ca_titration,1.20b_B01,ca_titration,0.6
0.64462405,-5.6325626,1.5,ca_titration,1.20b_B01,ca_titration,0.6
-0.84409255,0.9351858,1.5,ca_titration,1.20b_B01,ca_titration,0.6
-1.5602003,0.6590775,1.5,ca_titration,1.20b_B01,ca_titration,0.6
-1.0227166,1.8667647,1.5,ca_titration,1.20b_B01,ca_titration,0.6
-0.4502791,0.4610314,1.5,ca_titration,1.20b_B01,ca_titration,0.6
-1.5760258,-3.9085484,1.5,ca_titration,1.20b_B01,ca_titration,0.6
1.6826713,-7.3310184,1.5,ca_titration,1.20b_B01,ca_titration,0.6
-0.33748862,1.5214236,1.5,ca_titration,1.20b_B01,ca_titration,0.6
2.736578,-6.6911383,1.5,ca_titration,1.20b_B01,ca_titration,0.6
1.9544505,-7.686734,1.5,ca_titration,1.20b_B01,ca_titration,0.6
-0.22614974,1.5223595,1.5,ca_titration,1.20b_B01,ca_titration,0.6
-2.4347198,22.37012,2.0,ca_titration,1.20b_B01,ca_titration,0.57
-3.5987895,23.165913,2.0,ca_titration,1.20b_B01,ca_titration,0.57
-2.4923403,22.34261,2.0,ca_titration,1.20b_B01,ca_titration,0.57
0.07601846,20.16519,2.0,ca_titration,1.20b_B01,ca_titration,0.57
-2.5100224,22.867998,2.0,ca_titration,1.20b_B01,ca_titration,0.57
-3.2022662,21.90339,2.0,ca_titration,1.20b_B01,ca_titration,0.57
-3.9737988,22.787188,2.0,ca_titration,1.20b_B01,ca_titration,0.57
-4.4662275,23.303593,2.0,ca_titration,1.20b_B01,ca_titration,0.57
-4.6232386,21.999283,2.0,ca_titration,1.20b_B01,ca_titration,0.57
-4.2841673,22.483198,2.0,ca_titration,1.20b_B01,ca_titration,0.57
-5.023709,25.450167,2.0,ca_titration,1.20b_B01,ca_titration,0.57
-4.9849725,23.732948,2.0,ca_titration,1.20b_B01,ca_titration,0.57
-5.2464375,25.606266,2.0,ca_titration,1.20b_B01,ca_titration,0.57
-5.212223,22.966467,2.0,ca_titration,1.20b_B01,ca_titration,0.57
-6.4359717,25.26913,2.0,ca_titration,1.20b_B01,ca_titration,0.57
-5.334469,25.857376,2.0,ca_titration,1.20b_B01,ca_titration,0.57
-5.5610623,23.897026,2.0,ca_titration,1.20b_B01,ca_titration,0.57
-6.168132,25.937883,2.0,ca_titration,1.20b_B01,ca_titration,0.57
-5.574338,23.427786,2.0,ca_titration,1.20b_B01,ca_titration,0.57
-6.023789,25.542582,2.0,ca_titration,1.20b_B01,ca_titration,0.57
-6.849743,23.836426,2.0,ca_titration,1.20b_B01,ca_titration,0.57
-6.343198,21.98138,2.0,ca_titration,1.20b_B01,ca_titration,0.57
-6.1893497,26.848862,2.0,ca_titration,1.20b_B01,ca_titration,0.57
-6.591442,22.88168,2.0,ca_titration,1.20b_B01,ca_titration,0.57
-6.4260635,22.277111,2.0,ca_titration,1.20b_B01,ca_titration,0.57
-7.0278316,23.170082,2.0,ca_titration,1.20b_B01,ca_titration,0.57
-7.4249744,23.747555,2.0,ca_titration,1.20b_B01,ca_titration,0.57
-7.2440834,23.611683,2.0,ca_titration,1.20b_B01,ca_titration,0.57
-7.9297824,23.445957,2.0,ca_titration,1.20b_B01,ca_titration,0.57
-7.5743284,23.05253,2.0,ca_titration,1.20b_B01,ca_titration,0.57
-7.92558,25.080671,2.0,ca_titration,1.20b_B01,ca_titration,0.57
-8.036202,25.129578,2.0,ca_titration,1.20b_B01,ca_titration,0.57
